country_code,subnational1_code,subnational1_name
AC,AC-,Ashmore and Cartier Islands
AD,AD-07,Andorra la Vella
AD,AD-02,Canillo
AD,AD-03,Encamp
AD,AD-08,Escaldes-Engordany
AD,AD-04,La Massana
AD,AD-05,Ordino
AD,AD-06,Sant Julià de Lòria
AD,AD-,Andorra
AE,AE-AZ,Abu Dhabi
AE,AE-AJ,Ajman
AE,AE-FU,Fujairah
AE,AE-SH,Sharjah
AE,AE-DU,Dubai
AE,AE-RK,Ra's al-Khaimah
AE,AE-UQ,Umm al-Qaiwain
AE,AE-,United Arab Emirates
AF,AF-PAN,Panjshir
AF,AF-DAY,Daykondi
AF,AF-BDS,Badakhshan
AF,AF-BDG,Badghis
AF,AF-BGL,Baghlan
AF,AF-BAL,Balkh
AF,AF-BAM,Bamian
AF,AF-FRA,Farah
AF,AF-FYB,Faryab
AF,AF-GHA,Ghazni
AF,AF-GHO,Ghowr
AF,AF-HEL,Helmand
AF,AF-HER,Herat
AF,AF-JOW,Jowzjan
AF,AF-KAB,Kabol
AF,AF-KAN,Kandahar
AF,AF-KAP,Kapisa
AF,AF-KNR,Konar
AF,AF-KDZ,Kondoz
AF,AF-LAG,Laghman
AF,AF-LOW,Lowgar
AF,AF-NAN,Nangarhar
AF,AF-NIM,Nimruz
AF,AF-ORU,Oruzgan
AF,AF-PIA,Paktia
AF,AF-PKA,Paktika
AF,AF-PAR,Parwan
AF,AF-SAM,Samangan
AF,AF-SAR,Sar-e Pol
AF,AF-TAK,Takhar
AF,AF-WAR,Wardak
AF,AF-ZAB,Zabol
AF,AF-KHO,Khowst
AF,AF-NUR,Nurestan
AF,AF-,Afghanistan
AG,AG-11,Redonda
AG,AG-03,Saint George
AG,AG-04,Saint John’s
AG,AG-05,Saint Mary
AG,AG-06,Saint Paul
AG,AG-07,Saint Peter
AG,AG-08,Saint Philip
AG,AG-10,Barbuda
AG,AG-,Antigua and Barbuda
AI,AI-,Anguilla
AL,AL-03,Elbasan
AL,AL-01,Berat
AL,AL-10,Shkodër
AL,AL-11,Tiranë
AL,AL-12,Vlorë
AL,AL-02,Durrës
AL,AL-04,Fier
AL,AL-05,Gjirokastër
AL,AL-06,Korçë
AL,AL-07,Kukës
AL,AL-08,Lezhë
AL,AL-09,Dibër
AL,AL-,Albania
AM,AM-ER,Erevan
AM,AM-AG,Aragatsotn
AM,AM-AR,Ararat
AM,AM-AV,Armavir
AM,AM-GR,Gegark'unik'
AM,AM-KT,Kotayk'
AM,AM-LO,Lorri
AM,AM-SH,Širak
AM,AM-SU,Syunik'
AM,AM-TV,Tavuš
AM,AM-VD,Vayoc Jor
AM,AM-,Armenia
AO,AO-BGO,Bengo
AO,AO-BGU,Benguela
AO,AO-BIE,Bié
AO,AO-CAB,Cabinda
AO,AO-CCU,Cuando-Cubango
AO,AO-CNO,Cuanza Norte
AO,AO-CUS,Cuanza Sul
AO,AO-CNN,Cunene
AO,AO-HUA,Huambo
AO,AO-HUI,Huíla
AO,AO-LUA,Luanda
AO,AO-LNO,Lunda Norte
AO,AO-LSU,Lunda Sul
AO,AO-MAL,Malange
AO,AO-MOX,Moxico
AO,AO-NAM,Namibe
AO,AO-UIG,Uíge
AO,AO-ZAI,Zaire
AO,AO-,Angola
AQ,AQ-,Antarctica
AR,AR-C,Ciudad Autónoma de Buenos Aires
AR,AR-B,Buenos Aires
AR,AR-K,Catamarca
AR,AR-X,Córdoba
AR,AR-W,Corrientes
AR,AR-H,Chaco
AR,AR-U,Chubut
AR,AR-E,Entre Ríos
AR,AR-P,Formosa
AR,AR-Y,Jujuy
AR,AR-L,La Pampa
AR,AR-F,La Rioja
AR,AR-M,Mendoza
AR,AR-N,Misiones
AR,AR-Q,Neuquén
AR,AR-R,Río Negro
AR,AR-A,Salta
AR,AR-J,San Juan
AR,AR-D,San Luis
AR,AR-Z,Santa Cruz
AR,AR-S,Santa Fe
AR,AR-G,Santiago del Estero
AR,AR-V,Tierra del Fuego
AR,AR-T,Tucumán
AR,AR-,Argentina
AS,AS-,American Samoa
AT,AT-1,Burgenland
AT,AT-2,Kärnten
AT,AT-3,Niederösterreich
AT,AT-4,Oberösterreich
AT,AT-5,Salzburg
AT,AT-6,Steiermark
AT,AT-7,Tirol
AT,AT-8,Vorarlberg
AT,AT-9,Wien
AT,AT-,Austria
AU,AU-NSW,New South Wales
AU,AU-ACT,Australian Capital Territory
AU,AU-QLD,Queensland
AU,AU-TAS,Tasmania
AU,AU-VIC,Victoria
AU,AU-SA,South Australia
AU,AU-WA,Western Australia
AU,AU-NT,Northern Territory
AU,AU-,Australia
AW,AW-,Aruba
AZ,AZ-NX,Naxçivan
AZ,AZ-AB,Äli Bayramli
AZ,AZ-BA,Baki
AZ,AZ-GA,Gäncä
AZ,AZ-LA,Länkäran Municipality
AZ,AZ-MI,Mingäçevir
AZ,AZ-NA,Naftalan
AZ,AZ-SA,Şəki Municipality
AZ,AZ-SM,Sumqayit
AZ,AZ-SS,Susa Municipality
AZ,AZ-XA,Xankändi
AZ,AZ-YE,Yevlax Municipality
AZ,AZ-ABS,Abseron
AZ,AZ-AGC,Agcabädi
AZ,AZ-AGM,Agdam
AZ,AZ-AGS,Agdas
AZ,AZ-AGA,Agstafa
AZ,AZ-AGU,Agsu
AZ,AZ-AST,Astara
AZ,AZ-BAL,Balakän
AZ,AZ-BAR,Bärdä
AZ,AZ-BEY,Beyläqan
AZ,AZ-BIL,Biläsuvar
AZ,AZ-CAB,Cäbrayil
AZ,AZ-CAL,Cälilabab
AZ,AZ-DAS,Daskäsän
AZ,AZ-DAV,Däväçi
AZ,AZ-FUZ,Füzuli
AZ,AZ-GAD,Gädäbäy
AZ,AZ-GOR,Goranboy
AZ,AZ-GOY,Göyçay
AZ,AZ-HAC,Haciqabul
AZ,AZ-IMI,Imisli
AZ,AZ-ISM,Ismayilli
AZ,AZ-KAL,Kälbäcär
AZ,AZ-KUR,Kürdämir
AZ,AZ-LAC,Laçin
AZ,AZ-LAN,Länkäran
AZ,AZ-LER,Lerik
AZ,AZ-MAS,Masalli
AZ,AZ-NEF,Neftçala
AZ,AZ-OGU,Oguz
AZ,AZ-QAB,Qäbälä
AZ,AZ-QAX,Qax
AZ,AZ-QAZ,Qazax
AZ,AZ-QOB,Qobustan
AZ,AZ-QBA,Quba
AZ,AZ-QBI,Qubadli
AZ,AZ-QUS,Qusar
AZ,AZ-SAT,Saatli
AZ,AZ-SAB,Sabirabad
AZ,AZ-SAK,Säki
AZ,AZ-SAL,Salyan
AZ,AZ-SMI,Samaxi
AZ,AZ-SKR,Sämkir
AZ,AZ-SMX,Samux
AZ,AZ-SIY,Siyäzän
AZ,AZ-SUS,Susa
AZ,AZ-TAR,Tärtär
AZ,AZ-TOV,Tovuz
AZ,AZ-UCA,Ucar
AZ,AZ-XAC,Xaçmaz
AZ,AZ-XAN,Xanlar
AZ,AZ-XIZ,Xizi
AZ,AZ-XCI,Xocali
AZ,AZ-XVD,Xocavänd
AZ,AZ-YAR,Yardimli
AZ,AZ-YEV,Yevlax
AZ,AZ-ZAN,Zängilan
AZ,AZ-ZAQ,Zaqatala
AZ,AZ-ZAR,Zärdab
AZ,AZ-,Azerbaijan
BA,BA-BIH,Federacija Bosna i Hercegovina
BA,BA-SRP,Republika Srpska
BA,BA-,Bosnia and Herzegovina
BB,BB-01,Christ Church
BB,BB-02,Saint Andrew
BB,BB-03,Saint George
BB,BB-04,Saint James
BB,BB-05,Saint John
BB,BB-06,Saint Joseph
BB,BB-07,Saint Lucy
BB,BB-08,Saint Michael
BB,BB-09,Saint Peter
BB,BB-10,Saint Philip
BB,BB-11,Saint Thomas
BB,BB-,Barbados
BD,BD-1,Barisal bibhag
BD,BD-2,Chittagong bibhag
BD,BD-3,Dhaka bibhag
BD,BD-4,Khulna bibhag
BD,BD-5,Rajshahi bibhag
BD,BD-6,Sylhet bibhag
BD,BD-,Bangladesh
BE,BE-BRU,"Bruxelles-Capitale, Région de"
BE,BE-VLG,Vlaamse Gewest
BE,BE-WAL,"Wallonne, Région"
BE,BE-,Belgium
BF,BF-BAL,Balé
BF,BF-BAM,Bam
BF,BF-BAN,Banwa
BF,BF-BAZ,Bazèga
BF,BF-BGR,Bougouriba
BF,BF-BLG,Boulgou
BF,BF-BLK,Boulkiemdé
BF,BF-COM,Comoé
BF,BF-GAN,Ganzourgou
BF,BF-GNA,Gnagna
BF,BF-GOU,Gourma
BF,BF-HOU,Houet
BF,BF-IOB,Ioba
BF,BF-KAD,Kadiogo
BF,BF-KEN,Kénédougou
BF,BF-KMD,Komondjari
BF,BF-KMP,Kompienga
BF,BF-KOS,Kossi
BF,BF-KOP,Koulpélogo
BF,BF-KOT,Kouritenga
BF,BF-KOW,Kourwéogo
BF,BF-LER,Léraba
BF,BF-LOR,Loroum
BF,BF-MOU,Mouhoun
BF,BF-NAO,Nahouri
BF,BF-NAM,Namentenga
BF,BF-NAY,Nayala
BF,BF-NOU,Noumbiel
BF,BF-OUB,Oubritenga
BF,BF-OUD,Oudalan
BF,BF-PAS,Passoré
BF,BF-PON,Poni
BF,BF-SNG,Sanguié
BF,BF-SMT,Sanmatenga
BF,BF-SEN,Séno
BF,BF-SIS,Sissili
BF,BF-SOM,Soum
BF,BF-SOR,Sourou
BF,BF-TAP,Tapoa
BF,BF-TUI,Tui
BF,BF-YAG,Yagha
BF,BF-YAT,Yatenga
BF,BF-ZIR,Ziro
BF,BF-ZON,Zondoma
BF,BF-ZOU,Zoundwéogo
BF,BF-,Burkina Faso
BG,BG-01,Blagoevgrad
BG,BG-02,Burgas
BG,BG-08,Dobrich
BG,BG-07,Gabrovo
BG,BG-26,Haskovo
BG,BG-28,Yambol
BG,BG-09,Kardzhali
BG,BG-10,Kyustendil
BG,BG-11,Lovech
BG,BG-12,Montana
BG,BG-13,Pazardzhik
BG,BG-14,Pernik
BG,BG-15,Pleven
BG,BG-16,Plovdiv
BG,BG-17,Razgrad
BG,BG-18,Ruse
BG,BG-19,Silistra
BG,BG-20,Sliven
BG,BG-21,Smolyan
BG,BG-23,Sofia
BG,BG-22,Sofia-Grad
BG,BG-24,Stara Zagora
BG,BG-27,Shumen
BG,BG-25,Targovishte
BG,BG-03,Varna
BG,BG-04,Veliko Tarnovo
BG,BG-05,Vidin
BG,BG-06,Vratsa
BG,BG-,Bulgaria
BH,BH-13,Al Manamah
BH,BH-14,Al Janubiyah
BH,BH-15,Al Muharraq
BH,BH-16,Al Wustá
BH,BH-17,Ash Shamaliyah
BH,BH-,Bahrain
BI,BI-BB,Bubanza
BI,BI-BJ,Bujumbura
BI,BI-BR,Bururi
BI,BI-CA,Cankuzo
BI,BI-CI,Cibitoke
BI,BI-GI,Gitega
BI,BI-KR,Karuzi
BI,BI-KY,Kayanza
BI,BI-KI,Kirundo
BI,BI-MA,Makamba
BI,BI-MU,Muramvya
BI,BI-MY,Muyinga
BI,BI-NG,Ngozi
BI,BI-RT,Rutana
BI,BI-RY,Ruyigi
BI,BI-MW,Mwaro
BI,BI-,Burundi
BJ,BJ-AL,Alibori
BJ,BJ-AK,Atakora
BJ,BJ-AQ,Atlantique
BJ,BJ-BO,Borgou
BJ,BJ-CO,Collines
BJ,BJ-DO,Donga
BJ,BJ-KO,Kouffo
BJ,BJ-LI,Littoral
BJ,BJ-MO,Mono
BJ,BJ-OU,Ouémé
BJ,BJ-PL,Plateau
BJ,BJ-ZO,Zou
BJ,BJ-,Benin
BL,BL-,Saint Barthélemy
BM,BM-,Bermuda
BN,BN-BE,Belait
BN,BN-BM,Brunei-Muara
BN,BN-TE,Temburong
BN,BN-TU,Tutong
BN,BN-,Brunei
BO,BO-C,Cochabamba
BO,BO-H,Chuquisaca
BO,BO-B,El Beni
BO,BO-L,La Paz
BO,BO-O,Oruro
BO,BO-N,Pando
BO,BO-P,Potosí
BO,BO-S,Santa Cruz
BO,BO-T,Tarija
BO,BO-,Bolivia
BQ,BQ-BO,Bonaire
BQ,BQ-SA,Saba
BQ,BQ-SE,Sint Eustatius
BQ,BQ-,Caribbean Netherlands
BR,BR-DF,Distrito Federal
BR,BR-AC,Acre
BR,BR-AL,Alagoas
BR,BR-AP,Amapá
BR,BR-AM,Amazonas
BR,BR-BA,Bahia
BR,BR-CE,Ceará
BR,BR-ES,Espírito Santo
BR,BR-GO,Goiás
BR,BR-MA,Maranhão
BR,BR-MT,Mato Grosso
BR,BR-MS,Mato Grosso do Sul
BR,BR-MG,Minas Gerais
BR,BR-PA,Pará
BR,BR-PB,Paraíba
BR,BR-PR,Paraná
BR,BR-PE,Pernambuco
BR,BR-PI,Piauí
BR,BR-RJ,Rio de Janeiro
BR,BR-RN,Rio Grande do Norte
BR,BR-RS,Rio Grande do Sul
BR,BR-RO,Rondônia
BR,BR-RR,Roraima
BR,BR-SC,Santa Catarina
BR,BR-SP,São Paulo
BR,BR-SE,Sergipe
BR,BR-TO,Tocantins
BR,BR-,Brazil
BS,BS-BY,Berry Islands
BS,BS-NS,North Andros
BS,BS-AC,Acklins and Crooked Islands
BS,BS-BI,Bimini
BS,BS-CI,Cat Island
BS,BS-EX,Exuma and Black Point
BS,BS-FP,Freeport and West Grand Bahama
BS,BS-FC,Central Andros
BS,BS-GH,Central Eleuthera
BS,BS-GT,North Abaco and Grand Cay
BS,BS-HI,"North Eleuthera, Harbour Island and Spanish Wells"
BS,BS-HR,East Grand Bahama
BS,BS-IN,Inagua
BS,BS-KB,South Andros and Mangrove Cay
BS,BS-LI,Long Island
BS,BS-MH,"Central Abaco, Hope Town and Green Turtle Cay"
BS,BS-MG,Mayaguana
BS,BS-NP,New Providence
BS,BS-RI,Ragged Island
BS,BS-RS,South Eleuthera
BS,BS-SP,South Abaco and Moore's Island
BS,BS-SR,San Salvador and Rum Cay
BS,BS-,Bahamas
BT,BT-33,Bumthang
BT,BT-12,Chhukha
BT,BT-22,Dagana
BT,BT-GA,Gasa
BT,BT-13,Ha
BT,BT-44,Lhuentse
BT,BT-42,Monggar
BT,BT-11,Paro
BT,BT-43,Pemagatshel
BT,BT-23,Punakha
BT,BT-45,Samdrup Jongkha
BT,BT-14,Samtse
BT,BT-31,Sarpang
BT,BT-15,Thimphu
BT,BT-41,Trashigang
BT,BT-TY,Trashi Yangtse
BT,BT-32,Trongsa
BT,BT-21,Tsirang
BT,BT-24,Wangdue Phodrang
BT,BT-34,Zhemgang
BT,BT-,Bhutan
BV,BV-,Bouvet Island
BW,BW-CE,Central
BW,BW-GH,Ghanzi
BW,BW-KG,Kgalagadi
BW,BW-KL,Kgatleng
BW,BW-KW,Kweneng
BW,BW-NW,North-West
BW,BW-NE,North-East
BW,BW-SE,South-East
BW,BW-SO,Southern
BW,BW-,Botswana
BY,BY-BR,Brèsckaja voblasc'
BY,BY-HO,Homel'skaja voblasc'
BY,BY-HR,Hrodzenskaja voblasc'
BY,BY-MA,Mahilioúskaja voblasc'
BY,BY-MI,Minskaja voblasc'
BY,BY-VI,Vicebskaja voblasc'
BY,BY-,Belarus
BZ,BZ-BZ,Belize
BZ,BZ-CY,Cayo
BZ,BZ-CZL,Corozal
BZ,BZ-OW,Orange Walk
BZ,BZ-SC,Stann Creek
BZ,BZ-TOL,Toledo
BZ,BZ-,Belize
CA,CA-AB,Alberta
CA,CA-BC,British Columbia
CA,CA-MB,Manitoba
CA,CA-NB,New Brunswick
CA,CA-NL,Newfoundland and Labrador
CA,CA-NS,Nova Scotia
CA,CA-ON,Ontario
CA,CA-PE,Prince Edward Island
CA,CA-QC,Quebec
CA,CA-SK,Saskatchewan
CA,CA-NT,Northwest Territories
CA,CA-NU,Nunavut
CA,CA-YT,Yukon Territory
CA,CA-,Canada
CC,CC-,Cocos (Keeling) Islands
CD,CD-KN,Kinshasa
CD,CD-BN,Bandundu
CD,CD-BC,Bas-Congo
CD,CD-EQ,Équateur
CD,CD-KW,Kasai-Occidental
CD,CD-KE,Kasai-Oriental
CD,CD-KA,Katanga
CD,CD-MA,Maniema
CD,CD-NK,Nord-Kivu
CD,CD-OR,Orientale
CD,CD-SK,Sud-Kivu
CD,CD-,DR Congo
CF,CF-BGF,Bangui
CF,CF-BB,Bamingui-Bangoran
CF,CF-BK,Basse-Kotto
CF,CF-HK,Haute-Kotto
CF,CF-HM,Haut-Mbomou
CF,CF-KG,Kémo
CF,CF-LB,Lobaye
CF,CF-HS,Mambéré-Kadéï
CF,CF-MB,Mbomou
CF,CF-KB,Nana-Grébizi
CF,CF-NM,Nana-Mambéré
CF,CF-MP,Ombella-Mpoko
CF,CF-UK,Ouaka
CF,CF-AC,Ouham
CF,CF-OP,Ouham-Pendé
CF,CF-SE,Sangha-Mbaéré
CF,CF-VK,Vakaga
CF,CF-,Central African Republic
CG,CG-BZV,Brazzaville
CG,CG-11,Bouenza
CG,CG-8,Cuvette
CG,CG-15,Cuvette-Ouest
CG,CG-5,Kouilou
CG,CG-2,Lékoumou
CG,CG-7,Likouala
CG,CG-9,Niari
CG,CG-14,Plateaux
CG,CG-12,Pool
CG,CG-13,Sangha
CG,CG-,Congo
CH,CH-AG,Aargau
CH,CH-AR,Appenzell Ausserrhoden
CH,CH-AI,Appenzell Innerrhoden
CH,CH-BL,Basel-Landschaft
CH,CH-BS,Basel-Stadt
CH,CH-BE,Bern
CH,CH-FR,Freiburg
CH,CH-GE,Genève
CH,CH-GL,Glarus
CH,CH-GR,Graubünden
CH,CH-JU,Jura
CH,CH-LU,Luzern
CH,CH-NE,Neuchâtel
CH,CH-NW,Nidwalden
CH,CH-OW,Obwalden
CH,CH-SG,Sankt Gallen
CH,CH-SH,Schaffhausen
CH,CH-SZ,Schwyz
CH,CH-SO,Solothurn
CH,CH-TG,Thurgau
CH,CH-TI,Ticino
CH,CH-UR,Uri
CH,CH-VS,Wallis
CH,CH-VD,Vaud
CH,CH-ZG,Zug
CH,CH-ZH,Zürich
CH,CH-,Switzerland
CI,CI-17,Bafing (Région du)
CI,CI-18,Fromager (Région du)
CI,CI-19,Moyen-Cavally (Région du)
CI,CI-06,18 Montagnes (Région des)
CI,CI-16,Agnébi (Région de l')
CI,CI-09,Bas-Sassandra (Région du)
CI,CI-10,Denguélé (Région du)
CI,CI-02,Haut-Sassandra (Région du)
CI,CI-07,Lacs (Région des)
CI,CI-01,Lagunes (Région des)
CI,CI-12,Marahoué (Région de la)
CI,CI-05,Moyen-Comoé (Région du)
CI,CI-11,Nzi-Comoé (Région)
CI,CI-03,Savanes (Région des)
CI,CI-15,Sud-Bandama (Région du)
CI,CI-13,Sud-Comoé (Région du)
CI,CI-04,Vallée du Bandama (Région de la)
CI,CI-14,Worodougou (Région du)
CI,CI-08,Zanzan (Région du)
CI,CI-,Côte d'Ivoire
CK,CK-,Cook Islands
CL,CL-LR,Los Ríos
CL,CL-AP,Arica y Parinacota
CL,CL-AI,Aisén del General Carlos Ibáñez del Campo
CL,CL-AN,Antofagasta
CL,CL-AR,Araucanía
CL,CL-AT,Atacama
CL,CL-BI,Bío-Bío
CL,CL-CO,Coquimbo
CL,CL-LI,Libertador General Bernardo O'Higgins
CL,CL-LL,Los Lagos
CL,CL-MA,Magallanes
CL,CL-ML,Maule
CL,CL-RM,Región Metropolitana de Santiago
CL,CL-TA,Tarapacá
CL,CL-VS,Valparaíso
CL,CL-,Chile
CL,CL-NB,Ñuble
CM,CM-AD,Adamaoua
CM,CM-CE,Centre
CM,CM-ES,East
CM,CM-EN,Far North
CM,CM-LT,Littoral
CM,CM-NO,North
CM,CM-NW,North-West
CM,CM-SU,South
CM,CM-SW,South-West
CM,CM-OU,West
CM,CM-,Cameroon
CN,CN-11,Beijing
CN,CN-50,Chongqing
CN,CN-31,Shanghai
CN,CN-12,Tianjin
CN,CN-34,Anhui
CN,CN-35,Fujian
CN,CN-62,Gansu
CN,CN-44,Guangdong
CN,CN-52,Guizhou
CN,CN-46,Hainan
CN,CN-13,Hebei
CN,CN-23,Heilongjiang
CN,CN-41,Henan
CN,CN-42,Hubei
CN,CN-43,Hunan
CN,CN-32,Jiangsu
CN,CN-36,Jiangxi
CN,CN-22,Jilin
CN,CN-21,Liaoning
CN,CN-63,Qinghai
CN,CN-61,Shaanxi
CN,CN-37,Shandong
CN,CN-14,Shanxi
CN,CN-51,Sichuan
CN,CN-53,Yunnan
CN,CN-33,Zhejiang
CN,CN-45,Guangxi
CN,CN-15,Nei Mongol
CN,CN-64,Ningxia
CN,CN-65,Xinjiang
CN,CN-54,Xizang
CN,CN-,China
CO,CO-DC,Distrito Capital de Bogotá
CO,CO-AMA,Amazonas
CO,CO-ANT,Antioquia
CO,CO-ARA,Arauca
CO,CO-ATL,Atlántico
CO,CO-BOL,Bolívar
CO,CO-BOY,Boyacá
CO,CO-CAL,Caldas
CO,CO-CAQ,Caquetá
CO,CO-CAS,Casanare
CO,CO-CAU,Cauca
CO,CO-CES,Cesar
CO,CO-COR,Córdoba
CO,CO-CUN,Cundinamarca
CO,CO-CHO,Chocó
CO,CO-GUA,Guainía
CO,CO-GUV,Guaviare
CO,CO-HUI,Huila
CO,CO-LAG,La Guajira
CO,CO-MAG,Magdalena
CO,CO-MET,Meta
CO,CO-NAR,Nariño
CO,CO-NSA,Norte de Santander
CO,CO-PUT,Putumayo
CO,CO-QUI,Quindío
CO,CO-RIS,Risaralda
CO,CO-SAP,"San Andrés, Providencia y Santa Catalina"
CO,CO-SAN,Santander
CO,CO-SUC,Sucre
CO,CO-TOL,Tolima
CO,CO-VAC,Valle del Cauca
CO,CO-VAU,Vaupés
CO,CO-VID,Vichada
CO,CO-,Colombia
CP,CP-,Clipperton Island
CR,CR-A,Alajuela
CR,CR-C,Cartago
CR,CR-G,Guanacaste
CR,CR-H,Heredia
CR,CR-L,Limón
CR,CR-P,Puntarenas
CR,CR-SJ,San José
CR,CR-,Costa Rica
CS,CS-,Coral Sea Islands
CU,CU-15,Artemisa
CU,CU-16,Mayabeque
CU,CU-09,Camagüey
CU,CU-08,Ciego de Ávila
CU,CU-06,Cienfuegos
CU,CU-03,La Habana
CU,CU-12,Granma
CU,CU-14,Guantánamo
CU,CU-11,Holguín
CU,CU-10,Las Tunas
CU,CU-04,Matanzas
CU,CU-01,Pinar del Río
CU,CU-07,Sancti Spíritus
CU,CU-13,Santiago de Cuba
CU,CU-05,Villa Clara
CU,CU-99,Isla de la Juventud
CU,CU-,Cuba
CV,CV-B,Ilhas de Barlavento
CV,CV-S,Ilhas de Sotavento
CV,CV-,Cape Verde
CW,CW-,Curaçao
CX,CX-,Christmas Island
CY,CY-04,Ammochostos
CY,CY-06,Keryneia
CY,CY-03,Larnaka
CY,CY-01,Lefkosia
CY,CY-02,Lemesos
CY,CY-05,Pafos
CY,CY-,Cyprus
CZ,CZ-JM,Jihomoravský kraj
CZ,CZ-KA,Karlovarský kraj
CZ,CZ-JC,Jihočeský kraj
CZ,CZ-KR,Královéhradecký kraj
CZ,CZ-LI,Liberecký kraj
CZ,CZ-MO,Moravskoslezský kraj
CZ,CZ-OL,Olomoucký kraj
CZ,CZ-PA,Pardubický kraj
CZ,CZ-US,Ústecký kraj
CZ,CZ-ZL,Zlínský kraj
CZ,CZ-PR,Hlavní město Praha
CZ,CZ-ST,Středočeský kraj
CZ,CZ-VY,Kraj Vysočina
CZ,CZ-,Czech Republic
CZ,CZ-PL,Plzeňský kraj
DE,DE-BW,Baden-Württemberg
DE,DE-BY,Bayern
DE,DE-BE,Berlin
DE,DE-BB,Brandenburg
DE,DE-HB,Bremen
DE,DE-HH,Hamburg
DE,DE-HE,Hessen
DE,DE-MV,Mecklenburg-Vorpommern
DE,DE-NI,Niedersachsen
DE,DE-NW,Nordrhein-Westfalen
DE,DE-RP,Rheinland-Pfalz
DE,DE-SL,Saarland
DE,DE-SN,Sachsen
DE,DE-ST,Sachsen-Anhalt
DE,DE-SH,Schleswig-Holstein
DE,DE-TH,Thüringen
DE,DE-,Germany
DJ,DJ-AR,Arta
DJ,DJ-AS,Ali Sabieh
DJ,DJ-DI,Dikhil
DJ,DJ-DJ,Djibouti
DJ,DJ-OB,Obock
DJ,DJ-TA,Tadjourah
DJ,DJ-,Djibouti
DK,DK-82,Region Midtjylland
DK,DK-81,Region Nordjylland
DK,DK-83,Region Syddanmark
DK,DK-84,Region Hovedstaden
DK,DK-85,Region Sjælland
DK,DK-,Denmark
DM,DM-06,Saint Joseph
DM,DM-02,Saint Andrew
DM,DM-03,Saint David
DM,DM-04,Saint George
DM,DM-05,Saint John
DM,DM-07,Saint Luke
DM,DM-08,Saint Mark
DM,DM-09,Saint Patrick
DM,DM-10,Saint Paul
DM,DM-11,Saint Peter
DM,DM-,Dominica
DO,DO-32,Santo Domingo
DO,DO-01,Distrito Nacional (Santo Domingo)
DO,DO-02,Azua
DO,DO-03,Bahoruco
DO,DO-04,Barahona
DO,DO-05,Dajabón
DO,DO-06,Duarte
DO,DO-08,El Seybo
DO,DO-09,Espaillat
DO,DO-30,Hato Mayor
DO,DO-10,Independencia
DO,DO-11,La Altagracia
DO,DO-07,La Estrelleta
DO,DO-12,La Romana
DO,DO-13,La Vega
DO,DO-14,María Trinidad Sánchez
DO,DO-28,Monseñor Nouel
DO,DO-15,Monte Cristi
DO,DO-29,Monte Plata
DO,DO-16,Pedernales
DO,DO-17,Peravia
DO,DO-18,Puerto Plata
DO,DO-19,Salcedo
DO,DO-20,Samaná
DO,DO-21,San Cristóbal
DO,DO-22,San Juan
DO,DO-23,San Pedro de Macorís
DO,DO-24,Sánchez Ramírez
DO,DO-25,Santiago
DO,DO-26,Santiago Rodríguez
DO,DO-27,Valverde
DO,DO-,Dominican Republic
DO,DO-31,San José de Ocoa
DZ,DZ-01,Adrar
DZ,DZ-44,Aïn Defla
DZ,DZ-46,Aïn Témouchent
DZ,DZ-16,Alger
DZ,DZ-23,Annaba
DZ,DZ-05,Batna
DZ,DZ-08,Béchar
DZ,DZ-06,Béjaïa
DZ,DZ-07,Biskra
DZ,DZ-09,Blida
DZ,DZ-34,Bordj Bou Arréridj
DZ,DZ-10,Bouira
DZ,DZ-35,Boumerdès
DZ,DZ-02,Chlef
DZ,DZ-25,Constantine
DZ,DZ-17,Djelfa
DZ,DZ-32,El Bayadh
DZ,DZ-39,El Oued
DZ,DZ-36,El Tarf
DZ,DZ-47,Ghardaïa
DZ,DZ-24,Guelma
DZ,DZ-33,Illizi
DZ,DZ-18,Jijel
DZ,DZ-40,Khenchela
DZ,DZ-03,Laghouat
DZ,DZ-29,Mascara
DZ,DZ-26,Médéa
DZ,DZ-43,Mila
DZ,DZ-27,Mostaganem
DZ,DZ-28,Msila
DZ,DZ-45,Naama
DZ,DZ-31,Oran
DZ,DZ-30,Ouargla
DZ,DZ-04,Oum el Bouaghi
DZ,DZ-48,Relizane
DZ,DZ-20,Saïda
DZ,DZ-19,Sétif
DZ,DZ-22,Sidi Bel Abbès
DZ,DZ-21,Skikda
DZ,DZ-41,Souk Ahras
DZ,DZ-11,Tamanghasset
DZ,DZ-12,Tébessa
DZ,DZ-14,Tiaret
DZ,DZ-37,Tindouf
DZ,DZ-42,Tipaza
DZ,DZ-38,Tissemsilt
DZ,DZ-15,Tizi Ouzou
DZ,DZ-13,Tlemcen
DZ,DZ-,Algeria
EC,EC-SE,Santa Elena
EC,EC-SD,Santo Domingo de los Tsáchilas
EC,EC-A,Azuay
EC,EC-B,Bolívar
EC,EC-F,Cañar
EC,EC-C,Carchi
EC,EC-X,Cotopaxi
EC,EC-H,Chimborazo
EC,EC-O,El Oro
EC,EC-E,Esmeraldas
EC,EC-W,Galápagos
EC,EC-G,Guayas
EC,EC-I,Imbabura
EC,EC-L,Loja
EC,EC-R,Los Ríos
EC,EC-M,Manabí
EC,EC-S,Morona-Santiago
EC,EC-N,Napo
EC,EC-Y,Pastaza
EC,EC-P,Pichincha
EC,EC-U,Sucumbíos
EC,EC-T,Tungurahua
EC,EC-Z,Zamora-Chinchipe
EC,EC-D,Orellana
EC,EC-,Ecuador
EE,EE-37,Harjumaa
EE,EE-39,Hiiumaa
EE,EE-44,Ida-Virumaa
EE,EE-49,Jõgevamaa
EE,EE-51,Järvamaa
EE,EE-57,Läänemaa
EE,EE-59,Lääne-Virumaa
EE,EE-65,Põlvamaa
EE,EE-67,Pärnumaa
EE,EE-70,Raplamaa
EE,EE-74,Saaremaa
EE,EE-78,Tartumaa
EE,EE-82,Valgamaa
EE,EE-84,Viljandimaa
EE,EE-86,Võrumaa
EE,EE-,Estonia
EG,EG-LX,Al Uqsur
EG,EG-DK,Ad Daqahliyah
EG,EG-BA,Al Bahr al Ahmar
EG,EG-BH,Al Buhayrah
EG,EG-FYM,Al Fayyum
EG,EG-GH,Al Gharbiyah
EG,EG-ALX,Al Iskandariyah
EG,EG-IS,Al Isma‘iliyah
EG,EG-GZ,Al Jizah
EG,EG-MNF,Al Minufiyah
EG,EG-MN,Al Minya
EG,EG-C,Al Qahirah
EG,EG-KB,Al Qalyubiyah
EG,EG-WAD,Al Wadi al Jadid
EG,EG-SHR,Ash Sharqiyah
EG,EG-SUZ,As Suways
EG,EG-ASN,Aswan
EG,EG-AST,Asyut
EG,EG-BNS,Bani Suwayf
EG,EG-PTS,Bur Sa‘id
EG,EG-DT,Dumyat
EG,EG-JS,Janub Sina'
EG,EG-KFS,Kafr ash Shaykh
EG,EG-MT,Matruh
EG,EG-KN,Qina
EG,EG-SIN,Shamal Sina'
EG,EG-SHG,Suhaj
EG,EG-,Egypt
EH,EH-,Western Sahara
ER,ER-AN,Anseba
ER,ER-DU,Debub
ER,ER-DK,Debubawi Keyih Bahri
ER,ER-GB,Gash-Barka
ER,ER-MA,Maakel
ER,ER-SK,Semien-Keih-Bahri
ER,ER-,Eritrea
ES,ES-IB,Illes Baleares
ES,ES-PV,País Vasco
ES,ES-AS,"Asturias, Principado de"
ES,ES-CB,Cantabria
ES,ES-RI,La Rioja
ES,ES-MD,"Madrid, Comunidad de"
ES,ES-MC,"Murcia, Región de"
ES,ES-NC,"Navarra, Comunidad Foral de"
ES,ES-VC,"Valenciana, Comunidad"
ES,ES-AN,Andalucía
ES,ES-AR,Aragón
ES,ES-CL,Castilla y León
ES,ES-CM,Castilla-La Mancha
ES,ES-CN,Canarias
ES,ES-CT,Cataluña
ES,ES-EX,Extremadura
ES,ES-GA,Galicia
ES,ES-CE,Ceuta
ES,ES-ML,Melilla
ES,ES-,Spain
ET,ET-AA,Addis Ababa
ET,ET-AF,Afar
ET,ET-AM,Amara
ET,ET-BE,Benshangul-Gumaz
ET,ET-GA,Gambela Peoples
ET,ET-HA,Harari People
ET,ET-OR,Oromia
ET,ET-SO,Somali
ET,ET-SN,"Southern Nations, Nationalities and Peoples"
ET,ET-TI,Tigrai
ET,ET-DD,Dire Dawa
ET,ET-,Ethiopia
FI,FI-01,Åland
FI,FI-02,South Karelia
FI,FI-03,Southern Ostrobothnia
FI,FI-04,Southern Savonia
FI,FI-05,Kainuu
FI,FI-06,Tavastia Proper
FI,FI-07,Central Ostrobothnia
FI,FI-08,Central Finland
FI,FI-09,Kymenlaakso
FI,FI-10,Lapland
FI,FI-11,Pirkanmaa
FI,FI-12,Ostrobothnia
FI,FI-13,North Karelia
FI,FI-14,Northern Ostrobothnia
FI,FI-15,Northern Savonia
FI,FI-16,Päijänne Tavastia
FI,FI-17,Satakunta
FI,FI-18,Uusimaa
FI,FI-19,Southwest Finland
FI,FI-,Finland
FJ,FJ-C,Central
FJ,FJ-E,Eastern
FJ,FJ-N,Northern
FJ,FJ-W,Western
FJ,FJ-R,Rotuma
FJ,FJ-,Fiji
FK,FK-,Falkland Islands (Malvinas)
FM,FM-TRK,Chuuk
FM,FM-KSA,Kosrae
FM,FM-PNI,Pohnpei
FM,FM-YAP,Yap
FM,FM-,Micronesia
FO,FO-,Faroe Islands
FR,FR-ARA,Auvergne-Rhône-Alpes
FR,FR-NOR,Normandie
FR,FR-PDL,Pays de la Loire
FR,FR-HDF,Hauts-de-France
FR,FR-COR,Corse
FR,FR-OCC,Occitanie
FR,FR-BRE,Bretagne
FR,FR-NAQ,Nouvelle-Aquitaine
FR,FR-GES,Grand Est
FR,FR-CVL,Centre-Val de Loire
FR,FR-IDF,Île-de-France
FR,FR-PAC,Provence-Alpes-Côte d'Azur
FR,FR-BFC,Bourgogne-Franche-Comté
FR,FR-,France
GA,GA-1,Estuaire
GA,GA-2,Haut-Ogooué
GA,GA-3,Moyen-Ogooué
GA,GA-4,Ngounié
GA,GA-5,Nyanga
GA,GA-6,Ogooué-Ivindo
GA,GA-7,Ogooué-Lolo
GA,GA-8,Ogooué-Maritime
GA,GA-9,Woleu-Ntem
GA,GA-,Gabon
GB,GB-WLS,Wales
GB,GB-ENG,England
GB,GB-NIR,Northern Ireland
GB,GB-SCT,Scotland
GB,GB-,United Kingdom
GD,GD-04,Saint John
GD,GD-01,Saint Andrew
GD,GD-02,Saint David
GD,GD-03,Saint George
GD,GD-05,Saint Mark
GD,GD-06,Saint Patrick
GD,GD-10,Southern Grenadine Islands
GD,GD-,Grenada
GE,GE-AB,Abkhazia
GE,GE-AJ,Ajaria
GE,GE-GU,Guria
GE,GE-IM,Imeret'i
GE,GE-KA,Kakhet'i
GE,GE-KK,K'vemo K'art'li
GE,GE-MM,Mts'khet'a-Mt'ianet'i
GE,GE-RL,Racha-Lech'khumi-K'vemo Svanet'i
GE,GE-SZ,Samegrelo-Zemo Svanet'i
GE,GE-SJ,Samts'khe-Javakhet'i
GE,GE-SK,Shida K'art'li
GE,GE-TB,T'bilisi
GE,GE-,Georgia
GF,GF-,French Guiana
GG,GG-,Guernsey
GH,GH-AH,Ashanti
GH,GH-BA,Brong-Ahafo
GH,GH-CP,Central
GH,GH-EP,Eastern
GH,GH-AA,Greater Accra
GH,GH-NP,Northern
GH,GH-UE,Upper East
GH,GH-UW,Upper West
GH,GH-TV,Volta
GH,GH-WP,Western
GH,GH-,Ghana
GI,GI-,Gibraltar
GL,GL-,Greenland
GM,GM-B,Banjul
GM,GM-L,Lower River
GM,GM-M,Central River
GM,GM-N,North Bank
GM,GM-U,Upper River
GM,GM-W,Western
GM,GM-,Gambia
GN,GN-C,Conakry
GN,GN-,Guinea
GN,GN-B,"Boké, Gouvernorat de"
GN,GN-D,"Kindia, Gouvernorat de"
GN,GN-F,"Faranah, Gouvernorat de"
GN,GN-K,"Kankan, Gouvernorat de"
GN,GN-L,"Labé, Gouvernorat de"
GN,GN-M,"Mamou, Gouvernorat de"
GN,GN-N,"Nzérékoré, Gouvernorat de"
GP,GP-,Guadeloupe
GQ,GQ-C,Región Continental
GQ,GQ-I,Región Insular
GQ,GQ-,Equatorial Guinea
GR,GR-C,Western Macedonia
GR,GR-69,Mount Athos Autonomous Region
GR,GR-,Greece
GR,GR-A,Eastern Macedonia and Thrace
GR,GR-B,Central Macedonia
GR,GR-D,Epirus
GR,GR-I,Attica
GR,GR-E,Thessaly
GR,GR-F,Ionian Islands
GR,GR-G,Western Greece
GR,GR-H,Central Greece
GR,GR-J,Peloponnese
GR,GR-K,Northern Aegean
GR,GR-L,Southern Aegean
GR,GR-M,Crete
GS,GS-,South Georgia and South Sandwich Islands
GT,GT-AV,Alta Verapaz
GT,GT-BV,Baja Verapaz
GT,GT-CM,Chimaltenango
GT,GT-CQ,Chiquimula
GT,GT-PR,El Progreso
GT,GT-ES,Escuintla
GT,GT-GU,Guatemala
GT,GT-HU,Huehuetenango
GT,GT-IZ,Izabal
GT,GT-JA,Jalapa
GT,GT-JU,Jutiapa
GT,GT-PE,Petén
GT,GT-QZ,Quetzaltenango
GT,GT-QC,Quiché
GT,GT-RE,Retalhuleu
GT,GT-SA,Sacatepéquez
GT,GT-SM,San Marcos
GT,GT-SR,Santa Rosa
GT,GT-SO,Sololá
GT,GT-SU,Suchitepéquez
GT,GT-TO,Totonicapán
GT,GT-ZA,Zacapa
GT,GT-,Guatemala
GU,GU-,Guam
GW,GW-BS,Bissau
GW,GW-,Guinea-Bissau
GW,GW-L,Leste
GW,GW-N,Norte
GW,GW-S,Sul
GY,GY-BA,Barima-Waini
GY,GY-CU,Cuyuni-Mazaruni
GY,GY-DE,Demerara-Mahaica
GY,GY-EB,East Berbice-Corentyne
GY,GY-ES,Essequibo Islands-West Demerara
GY,GY-MA,Mahaica-Berbice
GY,GY-PM,Pomeroon-Supenaam
GY,GY-PT,Potaro-Siparuni
GY,GY-UD,Upper Demerara-Berbice
GY,GY-UT,Upper Takutu-Upper Essequibo
GY,GY-,Guyana
HK,HK-,Hong Kong
HM,HM-,Heard Island and McDonald Islands
HN,HN-AT,Atlántida
HN,HN-CL,Colón
HN,HN-CM,Comayagua
HN,HN-CP,Copán
HN,HN-CR,Cortés
HN,HN-CH,Choluteca
HN,HN-EP,El Paraíso
HN,HN-FM,Francisco Morazán
HN,HN-GD,Gracias a Dios
HN,HN-IN,Intibucá
HN,HN-IB,Islas de la Bahía
HN,HN-LP,La Paz
HN,HN-LE,Lempira
HN,HN-OL,Olancho
HN,HN-SB,Santa Bárbara
HN,HN-VA,Valle
HN,HN-YO,Yoro
HN,HN-OC,Ocotepeque
HN,HN-,Honduras
HR,HR-21,Grad Zagreb
HR,HR-07,Bjelovarsko-bilogorska županija
HR,HR-12,Brodsko-posavska županija
HR,HR-19,Dubrovacko-neretvanska županija
HR,HR-18,Istarska županija
HR,HR-04,Karlovacka županija
HR,HR-06,Koprivnicko-križevacka županija
HR,HR-02,Krapinsko-zagorska županija
HR,HR-09,Licko-senjska županija
HR,HR-20,Medimurska županija
HR,HR-14,Osjecko-baranjska županija
HR,HR-11,Požeško-slavonska županija
HR,HR-08,Primorsko-goranska županija
HR,HR-03,Sisacko-moslavacka županija
HR,HR-17,Splitsko-dalmatinska županija
HR,HR-15,Šibensko-kninska županija
HR,HR-05,Varaždinska županija
HR,HR-10,Viroviticko-podravska županija
HR,HR-16,Vukovarsko-srijemska županija
HR,HR-13,Zadarska županija
HR,HR-01,Zagrebacka županija
HR,HR-,Croatia
HT,HT-AR,Artibonite
HT,HT-CE,Centre
HT,HT-GA,Grande-Anse
HT,HT-ND,Nord
HT,HT-NE,Nord-Est
HT,HT-NO,Nord-Ouest
HT,HT-OU,Ouest
HT,HT-SD,Sud
HT,HT-SE,Sud-Est
HT,HT-,Haiti
HT,HT-NI,Nippes
HU,HU-BU,Budapest
HU,HU-BK,Bács-Kiskun
HU,HU-BA,Baranya
HU,HU-BE,Békés
HU,HU-BZ,Borsod-Abaúj-Zemplén
HU,HU-CS,Csongrád
HU,HU-FE,Fejér
HU,HU-GS,Gyor-Moson-Sopron
HU,HU-HB,Hajdú-Bihar
HU,HU-HE,Heves
HU,HU-JN,Jász-Nagykun-Szolnok
HU,HU-KE,Komárom-Esztergom
HU,HU-NO,Nógrád
HU,HU-PE,Pest
HU,HU-SO,Somogy
HU,HU-SZ,Szabolcs-Szatmár-Bereg
HU,HU-TO,Tolna
HU,HU-VA,Vas
HU,HU-VE,Veszprém
HU,HU-ZA,Zala
HU,HU-BC,Békéscsaba
HU,HU-DE,Debrecen
HU,HU-DU,Dunaújváros
HU,HU-EG,Eger
HU,HU-GY,Gyor
HU,HU-HV,Hódmezovásárhely
HU,HU-KV,Kaposvár
HU,HU-KM,Kecskemét
HU,HU-MI,Miskolc
HU,HU-NK,Nagykanizsa
HU,HU-NY,Nyíregyháza
HU,HU-PS,Pécs
HU,HU-ST,Salgótarján
HU,HU-SN,Sopron
HU,HU-SD,Szeged
HU,HU-SF,Székesfehérvár
HU,HU-SS,Szekszárd
HU,HU-SK,Szolnok
HU,HU-SH,Szombathely
HU,HU-TB,Tatabánya
HU,HU-VM,Veszprém City
HU,HU-ZE,Zalaegerszeg
HU,HU-,Hungary
ID,ID-KA,Kalimantan
ID,ID-MA,Maluku
ID,ID-,Indonesia
ID,ID-IJ,Papua
ID,ID-JW,Jawa
ID,ID-NU,Nusa Tenggara
ID,ID-SL,Sulawesi
ID,ID-SM,Sumatera
IE,IE-L,Leinster
IE,IE-M,Munster
IE,IE-U,Ulster
IE,IE-C,Connaught
IE,IE-,Ireland
IL,IL-D,HaDarom
IL,IL-M,HaMerkaz
IL,IL-Z,HaZafon
IL,IL-HA,Haifa
IL,IL-TA,Tel-Aviv
IL,IL-JM,Yerushalayim
IL,IL-,Israel
IM,IM-,Isle of Man
IN,IN-TS,Telangana
IN,IN-AP,Andhra Pradesh
IN,IN-AR,Arunachal Pradesh
IN,IN-AS,Assam
IN,IN-BR,Bihar
IN,IN-CT,Chhattisgarh
IN,IN-GA,Goa
IN,IN-GJ,Gujarat
IN,IN-,India
IN,IN-HR,Haryana
IN,IN-HP,Himachal Pradesh
IN,IN-JK,Jammu and Kashmir
IN,IN-JH,Jharkhand
IN,IN-KA,Karnataka
IN,IN-KL,Kerala
IN,IN-MP,Madhya Pradesh
IN,IN-MH,Maharashtra
IN,IN-MN,Manipur
IN,IN-ML,Meghalaya
IN,IN-MZ,Mizoram
IN,IN-NL,Nagaland
IN,IN-OR,Odisha
IN,IN-PB,Punjab
IN,IN-RJ,Rajasthan
IN,IN-SK,Sikkim
IN,IN-TN,Tamil Nadu
IN,IN-TR,Tripura
IN,IN-UL,Uttarakhand
IN,IN-UP,Uttar Pradesh
IN,IN-WB,West Bengal
IN,IN-AN,Andaman and Nicobar Islands
IN,IN-CH,Chandigarh
IN,IN-DN,Dadra and Nagar Haveli
IN,IN-DD,Daman and Diu
IN,IN-DL,Delhi
IN,IN-LD,Lakshadweep
IN,IN-PY,Puducherry
IN,IN-LA,Ladakh
IO,IO-,British Indian Ocean Territory
IQ,IQ-AN,Al Anbar
IQ,IQ-BA,Al Basrah
IQ,IQ-MU,Al Muthanná
IQ,IQ-QA,Al Qadisiyah
IQ,IQ-NA,An Najaf
IQ,IQ-AR,Arbil
IQ,IQ-SU,As Sulaymaniyah
IQ,IQ-TS,At Ta'mim
IQ,IQ-BB,Babil
IQ,IQ-BG,Baghdad
IQ,IQ-DA,Dahuk
IQ,IQ-DQ,Dhi Qar
IQ,IQ-DI,Diyalá
IQ,IQ-KA,Karbala'
IQ,IQ-MA,Maysan
IQ,IQ-NI,Ninawá
IQ,IQ-SD,Salah ad Din
IQ,IQ-WA,Wasit
IQ,IQ-,Iraq
IR,IR-03,Ardabil
IR,IR-02,Az¯arbayjan-e Gharbi
IR,IR-01,Az¯arbayjan-e Sharqi
IR,IR-06,Bushehr
IR,IR-08,Chahar Mah¸all va Bakhtiari
IR,IR-04,Esfahan
IR,IR-14,Fars
IR,IR-19,Gilan
IR,IR-27,Golestan
IR,IR-24,Hamadan
IR,IR-23,Hormozgan
IR,IR-05,Ilam
IR,IR-15,Kerman
IR,IR-17,Kermanshah
IR,IR-10,Khuzestan
IR,IR-18,Kohkiluyeh va Buyer Ahmad
IR,IR-16,Kordestan
IR,IR-20,Lorestan
IR,IR-22,Markazi
IR,IR-21,Mazandaran
IR,IR-28,Qazvin
IR,IR-26,Qom
IR,IR-12,Semnan
IR,IR-13,Sistan va Baluchestan
IR,IR-07,Tehran
IR,IR-25,Yazd
IR,IR-11,Zanjan
IR,IR-,Iran
IR,IR-29,Khorasan-e Janubi
IR,IR-30,Khorasan-e Razavi
IR,IR-31,Khorasan-e Shemali
IS,IS-7,Austurland
IS,IS-1,Höfuðborgarsvæði
IS,IS-6,Norðurland eystra
IS,IS-5,Norðurland vestra
IS,IS-8,Suðurland
IS,IS-2,Suðurnes
IS,IS-4,Vestfirðir
IS,IS-3,Vesturland
IS,IS-,Iceland
IT,IT-23,Valle d'Aosta
IT,IT-32,Trentino-Alto Adige
IT,IT-34,Veneto
IT,IT-57,Marche
IT,IT-78,Calabria
IT,IT-,Italy
IT,IT-21,Piemonte
IT,IT-25,Lombardia
IT,IT-36,Friuli-Venezia Giulia
IT,IT-42,Liguria
IT,IT-45,Emilia-Romagna
IT,IT-52,Toscana
IT,IT-55,Umbria
IT,IT-62,Lazio
IT,IT-65,Abruzzo
IT,IT-67,Molise
IT,IT-72,Campania
IT,IT-75,Puglia
IT,IT-77,Basilicata
IT,IT-82,Sicilia
IT,IT-88,Sardegna
JE,JE-,Jersey
JM,JM-13,Clarendon
JM,JM-09,Hanover
JM,JM-01,Kingston
JM,JM-12,Manchester
JM,JM-04,Portland
JM,JM-02,Saint Andrew
JM,JM-06,Saint Ann
JM,JM-14,Saint Catherine
JM,JM-11,Saint Elizabeth
JM,JM-08,Saint James
JM,JM-05,Saint Mary
JM,JM-03,Saint Thomas
JM,JM-07,Trelawny
JM,JM-10,Westmoreland
JM,JM-,Jamaica
JO,JO-AJ,Ajlun
JO,JO-AQ,Al 'Aqaba
JO,JO-BA,Al Balqa'
JO,JO-KA,Al Karak
JO,JO-MA,Al Mafraq
JO,JO-AM,Amman
JO,JO-AT,At Tafilah
JO,JO-AZ,Az Zarqa'
JO,JO-IR,Irbid
JO,JO-JA,Jarash
JO,JO-MN,Ma‘an
JO,JO-MD,Madabah
JO,JO-,Jordan
JP,JP-23,Aichi
JP,JP-05,Akita
JP,JP-02,Aomori
JP,JP-38,Ehime
JP,JP-21,Gifu
JP,JP-10,Gunma
JP,JP-34,Hiroshima
JP,JP-01,Hokkaido
JP,JP-18,Fukui
JP,JP-40,Fukuoka
JP,JP-07,Fukushima
JP,JP-28,Hyogo
JP,JP-08,Ibaraki
JP,JP-17,Ishikawa
JP,JP-03,Iwate
JP,JP-37,Kagawa
JP,JP-46,Kagoshima
JP,JP-14,Kanagawa
JP,JP-39,Kochi
JP,JP-43,Kumamoto
JP,JP-26,Kyoto
JP,JP-24,Mie
JP,JP-04,Miyagi
JP,JP-45,Miyazaki
JP,JP-20,Nagano
JP,JP-42,Nagasaki
JP,JP-29,Nara
JP,JP-15,Niigata
JP,JP-44,Oita
JP,JP-33,Okayama
JP,JP-47,Okinawa
JP,JP-27,Osaka
JP,JP-41,Saga
JP,JP-11,Saitama
JP,JP-25,Shiga
JP,JP-32,Shimane
JP,JP-22,Shizuoka
JP,JP-12,Chiba
JP,JP-09,Tochigi
JP,JP-36,Tokushima
JP,JP-13,Tokyo
JP,JP-31,Tottori
JP,JP-16,Toyama
JP,JP-30,Wakayama
JP,JP-06,Yamagata
JP,JP-35,Yamaguchi
JP,JP-19,Yamanashi
JP,JP-,Japan
KE,KE-800,Western
KE,KE-110,Nairobi
KE,KE-200,Central
KE,KE-300,Coast
KE,KE-400,Eastern
KE,KE-500,North-Eastern
KE,KE-600,Nyanza
KE,KE-700,Rift Valley
KE,KE-,Kenya
KG,KG-C,Chü
KG,KG-J,Jalal-Abad
KG,KG-N,Naryn
KG,KG-O,Osh
KG,KG-T,Talas
KG,KG-Y,Ysyk-Köl
KG,KG-GB,Bishkek
KG,KG-B,Batken
KG,KG-,Kyrgyzstan
KH,KH-23,Krong Kêb
KH,KH-18,Krong Preah Sihanouk
KH,KH-12,Phnum Pénh
KH,KH-2,Batdâmbâng
KH,KH-1,Bântéay Méanchey
KH,KH-3,Kâmpóng Cham
KH,KH-4,Kâmpóng Chhnang
KH,KH-5,Kâmpóng Spœ
KH,KH-6,Kâmpóng Thum
KH,KH-7,Kâmpôt
KH,KH-8,Kândal
KH,KH-9,Kaôh Kong
KH,KH-10,Krâchéh
KH,KH-11,Môndól Kiri
KH,KH-22,Otdâr Méanchey
KH,KH-15,Pousaat
KH,KH-13,Preah Vihéar
KH,KH-14,Prey Vêng
KH,KH-16,Rôtânôkiri
KH,KH-17,Siemréab
KH,KH-19,Stueng Traeng [Stœng Trêng]
KH,KH-20,Svay Rieng
KH,KH-21,Takêv
KH,KH-24,Krong Pailin
KH,KH-,Cambodia
KI,KI-G,Gilbert Islands
KI,KI-L,Line Islands
KI,KI-P,Phoenix Islands
KI,KI-,Kiribati
KM,KM-A,Anjouan
KM,KM-G,Grande Comore
KM,KM-M,Mohéli
KM,KM-,Comoros
KN,KN-K,Saint Kitts
KN,KN-N,Nevis
KN,KN-,Saint Kitts and Nevis
KP,KP-13,Najin Sonbong-si
KP,KP-06,Hwanghae-bukto
KP,KP-04,Chagang-do
KP,KP-09,Hamgyong-bukto
KP,KP-08,Hamgyong-namdo
KP,KP-05,Hwanghae-namdo
KP,KP-07,Kangwon-do
KP,KP-,North Korea
KP,KP-03,P’yongan-bukto
KP,KP-02,P’yongan-namdo
KP,KP-01,P’yongyang-t’ukpyolsi
KP,KP-10,Yanggang-do
KR,KR-11,Seoul-T'ukpyolshi
KR,KR-26,Pusan-Kwangyokshi
KR,KR-27,Taegu-Kwangyokshi
KR,KR-30,Taejon-Kwangyokshi
KR,KR-29,Kwangju-Kwangyokshi
KR,KR-28,Inch'on-Kwangyokshi
KR,KR-31,Ulsan-Kwangyokshi
KR,KR-43,Chungcheongbugdo
KR,KR-44,Chungcheongnamdo
KR,KR-42,Kang-won-do
KR,KR-41,Kyonggi-do
KR,KR-47,Kyongsangbuk-do
KR,KR-48,Kyongsangnam-do
KR,KR-49,Jejudo
KR,KR-45,Jeonrabugdo
KR,KR-46,Jeonranamdo
KR,KR-,South Korea
KW,KW-AH,Al Ahmadi
KW,KW-FA,Al Farwaniyah
KW,KW-JA,Al Jahrah
KW,KW-KU,Al Kuwayt
KW,KW-HA,Hawalli
KW,KW-,Kuwait
KW,KW-MU,Mubarak al Kabir
KY,KY-CB,Cayman Brac
KY,KY-SO,Little Cayman
KY,KY-WB,West Bay
KY,KY-EE,East End
KY,KY-NS,North Side
KY,KY-GT,George Town
KY,KY-BT,Bodden Town
KY,KY-,Cayman Islands
KZ,KZ-ALA,Almaty
KZ,KZ-AST,Astana
KZ,KZ-ALM,Almaty oblysy
KZ,KZ-AKM,Aqmola oblysy
KZ,KZ-AKT,Aqtöbe oblysy
KZ,KZ-ATY,Atyrau oblysy
KZ,KZ-ZAP,Batys Qazaqstan oblysy
KZ,KZ-MAN,Mangghystau oblysy
KZ,KZ-YUZ,Ongtüstik Qazaqstan oblysy
KZ,KZ-PAV,Pavlodar oblysy
KZ,KZ-KAR,Qaraghandy oblysy
KZ,KZ-KUS,Qostanay oblysy
KZ,KZ-KZY,Qyzylorda oblysy
KZ,KZ-VOS,Shyghys Qazaqstan oblysy
KZ,KZ-SEV,Soltüstik Qazaqstan oblysy
KZ,KZ-ZHA,Zhambyl oblysy
KZ,KZ-,Kazakhstan
LA,LA-VT,Vientiane Prefecture
LA,LA-AT,Attapu [Attopeu]
LA,LA-BK,Bokèo
LA,LA-BL,Bolikhamxai [Borikhane]
LA,LA-CH,Champasak [Champassak]
LA,LA-HO,Houaphan
LA,LA-KH,Khammouan
LA,LA-LM,Louang Namtha
LA,LA-LP,Louangphabang [Louang Prabang]
LA,LA-OU,Oudômxai [Oudomsai]
LA,LA-PH,Phôngsali [Phong Saly]
LA,LA-SL,Salavan [Saravane]
LA,LA-SV,Savannakhét
LA,LA-VI,Vientiane
LA,LA-XA,Xaignabouli [Sayaboury]
LA,LA-XN,Xaisômboun
LA,LA-XE,Xékong [Sékong]
LA,LA-XI,Xiangkhoang [Xieng Khouang]
LA,LA-,Laos
LB,LB-AK,Aakkâr
LB,LB-BH,Baalbek-Hermel
LB,LB-BA,Bayrut
LB,LB-BI,Béqaa
LB,LB-JL,Mont-Liban
LB,LB-AS,Ash Shimal
LB,LB-JA,Al Janub
LB,LB-NA,Nabatîyé
LB,LB-,Lebanon
LC,LC-05,Dennery
LC,LC-01,Anse la Raye
LC,LC-,Saint Lucia
LC,LC-02,Castries
LC,LC-03,Choiseul
LC,LC-06,Gros Islet
LC,LC-07,Laborie
LC,LC-08,Micoud
LC,LC-10,Soufrière
LC,LC-11,Vieux Fort
LC,LC-12,Canaries
LI,LI-,Liechtenstein
LI,LI-01,Balzers
LI,LI-02,Eschen
LI,LI-03,Gamprin
LI,LI-04,Mauren
LI,LI-05,Planken
LI,LI-06,Ruggell
LI,LI-07,Schaan
LI,LI-08,Schellenberg
LI,LI-09,Triesen
LI,LI-10,Triesenberg
LI,LI-11,Vaduz
LK,LK-,Sri Lanka
LK,LK-11,Colombo
LK,LK-12,Gampaha
LK,LK-13,Kalutara
LK,LK-21,Kandy
LK,LK-22,Matale
LK,LK-23,Nuwara
LK,LK-31,Galle
LK,LK-32,Matara
LK,LK-33,Hambantota
LK,LK-41,Jaffna
LK,LK-42,Kilinochchi
LK,LK-43,Mannar
LK,LK-44,Vavuniya
LK,LK-45,Mullaittivu
LK,LK-51,Batticaloa
LK,LK-52,Ampara
LK,LK-53,Trincomalee
LK,LK-61,Kurunegala
LK,LK-62,Puttalam
LK,LK-71,Anuradhapura
LK,LK-72,Polonnaruwa
LK,LK-81,Badulla
LK,LK-82,Monaragala
LK,LK-91,Ratnapura
LK,LK-92,Kegalla
LR,LR-BM,Bomi
LR,LR-BG,Bong
LR,LR-GB,Grand Bassa
LR,LR-CM,Grand Cape Mount
LR,LR-GG,Grand Gedeh
LR,LR-GK,Grand Kru
LR,LR-LO,Lofa
LR,LR-MG,Margibi
LR,LR-MY,Maryland
LR,LR-MO,Montserrado
LR,LR-NI,Nimba
LR,LR-RI,Rivercess
LR,LR-SI,Sinoe
LR,LR-,Liberia
LR,LR-GP,Gbarpolu
LR,LR-RG,River Gee
LS,LS-D,Berea
LS,LS-B,Butha-Buthe
LS,LS-C,Leribe
LS,LS-E,Mafeteng
LS,LS-A,Maseru
LS,LS-F,Mohale's Hoek
LS,LS-J,Mokhotlong
LS,LS-H,Qacha's Nek
LS,LS-G,Quthing
LS,LS-K,Thaba-Tseka
LS,LS-,Lesotho
LT,LT-AL,Alytaus Apskritis
LT,LT-KU,Kauno Apskritis
LT,LT-KL,Klaipedos Apskritis
LT,LT-MR,Marijampoles Apskritis
LT,LT-PN,Panevežio Apskritis
LT,LT-SA,Šiauliu Apskritis
LT,LT-TA,Taurages Apskritis
LT,LT-TE,Telšiu Apskritis
LT,LT-UT,Utenos Apskritis
LT,LT-VL,Vilniaus Apskritis
LT,LT-,Lithuania
LU,LU-D,Diekirch
LU,LU-G,Grevenmacher 
LU,LU-L,Luxemburg
LU,LU-,Luxembourg
LV,LV-015,Balvi
LV,LV-016,Bauska
LV,LV-017,Beverina
LV,LV-018,Broceni
LV,LV-019,Burtnieki
LV,LV-020,Carnikava
LV,LV-021,Cesvaine
LV,LV-022,Cesis
LV,LV-023,Cibla
LV,LV-024,Dagda
LV,LV-025,Daugavpils
LV,LV-026,Dobele
LV,LV-027,Dundaga
LV,LV-028,Durbe
LV,LV-029,Engure
LV,LV-030,Ergli
LV,LV-031,Garkalne
LV,LV-032,Grobina
LV,LV-033,Gulbene
LV,LV-034,Iecava
LV,LV-035,Ikškile
LV,LV-036,Ilukste
LV,LV-037,Incukalns
LV,LV-038,Jaunjelgava
LV,LV-039,Jaunpiebalga
LV,LV-040,Jaunpils
LV,LV-041,Jelgava
LV,LV-042,Jekabpils
LV,LV-043,Kandava
LV,LV-044,Karsava
LV,LV-045,Koceni
LV,LV-046,Koknese
LV,LV-047,Kraslava
LV,LV-048,Krimulda
LV,LV-049,Krustpils
LV,LV-050,Kuldiga
LV,LV-051,Kegums
LV,LV-052,Kekava
LV,LV-053,Lielvarde
LV,LV-054,Limbaži
LV,LV-055,Ligatne
LV,LV-056,Livani
LV,LV-057,Lubana
LV,LV-058,Ludza
LV,LV-059,Madona
LV,LV-060,Mazsalaca
LV,LV-061,Malpils
LV,LV-062,Marupe
LV,LV-063,Mersrags
LV,LV-064,Naukšeni
LV,LV-065,Nereta
LV,LV-066,Nica
LV,LV-067,Ogre
LV,LV-068,Olaine
LV,LV-069,Ozolnieki
LV,LV-070,Pargauja
LV,LV-071,Pavilosta
LV,LV-072,Plavinas
LV,LV-073,Preili
LV,LV-074,Priekule
LV,LV-075,Priekuli
LV,LV-076,Rauna
LV,LV-077,Rezekne
LV,LV-078,Riebini
LV,LV-079,Roja
LV,LV-080,Ropaži
LV,LV-081,Rucava
LV,LV-082,Rugaji
LV,LV-083,Rundale
LV,LV-084,Rujiena
LV,LV-085,Sala
LV,LV-086,Salacgriva
LV,LV-087,Salaspils
LV,LV-088,Saldus
LV,LV-089,Saulkrasti
LV,LV-090,Seja
LV,LV-091,Sigulda
LV,LV-092,Skriveri
LV,LV-093,Skrunda
LV,LV-094,Smiltene
LV,LV-095,Stopini
LV,LV-096,Strenci
LV,LV-097,Talsi
LV,LV-098,Tervete
LV,LV-099,Tukums
LV,LV-100,Vainode
LV,LV-101,Valka
LV,LV-102,Varaklani
LV,LV-103,Varkava
LV,LV-104,Vecpiebalga
LV,LV-105,Vecumnieki
LV,LV-106,Ventspils
LV,LV-107,Viesite
LV,LV-108,Vilaka
LV,LV-109,Vilani
LV,LV-110,Zilupe
LV,LV-JKB,Jekabpils City
LV,LV-VMR,Valmiera City
LV,LV-005,Aloja
LV,LV-010,Auce
LV,LV-014,Baltinava
LV,LV-001,Aglona
LV,LV-002,Aizkraukle
LV,LV-003,Aizpute
LV,LV-004,Akniste
LV,LV-006,Alsunga
LV,LV-007,Aluksne
LV,LV-008,Amata
LV,LV-009,Ape
LV,LV-011,Adaži
LV,LV-012,Babite
LV,LV-013,Baldone
LV,LV-DGV,Daugavpils City
LV,LV-JEL,Jelgava City
LV,LV-JUR,Jurmala City
LV,LV-LPX,Liepaja City
LV,LV-REZ,Rezekne City
LV,LV-RIX,Riga City
LV,LV-VEN,Ventspils City
LV,LV-,Latvia
LY,LY-BU,Al Butnan
LY,LY-JA,Al Jabal al Akhdar
LY,LY-JU,Al Jufrah
LY,LY-WA,Al Wahah
LY,LY-ZA,Az Zawiyah
LY,LY-BA,Banghazi
LY,LY-MI,Misratah
LY,LY-TB,Tarabulus
LY,LY-AJ,Ajdabiya
LY,LY-HZ,Al hizam al Akhdar
LY,LY-JI,Al Jifarah
LY,LY-KF,Al Kufrah
LY,LY-MJ,Al Marj
LY,LY-MB,Al Marqab
LY,LY-QT,Al Qatrun
LY,LY-QB,Al Qubbah
LY,LY-NQ,An Nuqat al Khams
LY,LY-SH,Ash Shati'
LY,LY-BW,Bani Walid
LY,LY-DR,Darnah
LY,LY-GD,Ghadamis
LY,LY-GR,Gharyan
LY,LY-GT,Ghat
LY,LY-JB,Jaghbub
LY,LY-MZ,Mizdah
LY,LY-MQ,Murzuq
LY,LY-NL,Nalut
LY,LY-SB,Sabha
LY,LY-SS,Sabratah Surman
LY,LY-SR,Surt
LY,LY-TN,Tajura wa al Nawahi AlArba'
LY,LY-TM,Tarhunah-Masallatah
LY,LY-WD,Wadi al Hayat
LY,LY-YJ,Yafran-Jadu
LY,LY-,Libya
MA,MA-13,Sous-Massa-Draa
MA,MA-14,Guelmim-Es Smara
MA,MA-15,Laâyoune-Boujdour-Sakia el Hamra
MA,MA-,Morocco
MA,MA-12,Tadla-Azilal
MA,MA-02,Gharb-Chrarda-Beni Hssen
MA,MA-03,Taza-Al Hoceima-Taounate
MA,MA-04,L'Oriental
MA,MA-05,Fès-Boulemane
MA,MA-06,Meknès-Tafilalet
MA,MA-07,Rabat-Salé-Zemmour-Zaer
MA,MA-08,Grand Casablanca
MA,MA-09,Chaouia-Ouardigha
MA,MA-10,Doukkala-Abda
MA,MA-11,Marrakech-Tensift-Al Haouz
MA,MA-16,Oued ed Dahab-Lagouira
MA,MA-01,Tanger-Tétouan
MC,MC-,Monaco
MD,MD-AN,Anenii Noi
MD,MD-BS,Basarabeasca
MD,MD-BD,Bender [Tighina]
MD,MD-BR,Briceni
MD,MD-CT,Cantemir
MD,MD-CL,Călărași
MD,MD-CS,Căușeni
MD,MD-CM,Cimișlia
MD,MD-CR,Criuleni
MD,MD-DO,Dondușeni
MD,MD-DR,Drochia
MD,MD-DU,Dubasari
MD,MD-FA,Fălești
MD,MD-FL,Florești
MD,MD-GL,Glodeni
MD,MD-HI,Hîncești
MD,MD-IA,Ialoveni
MD,MD-LE,Leova
MD,MD-NI,Nisporeni
MD,MD-OC,Ocnița
MD,MD-RE,Rezina
MD,MD-RI,Rîșcani
MD,MD-SI,Sîngerei
MD,MD-ST,Strășeni
MD,MD-SD,Șoldănești
MD,MD-SV,Ștefan Vodă
MD,MD-TE,Telenești
MD,MD-TA,Taraclia
MD,MD-GA,"Gagauzia, Unitate Teritoriala Autonoma (UTAG)"
MD,MD-CU,Chișinău City
MD,MD-SN,"Stînga Nistrului, unitatea teritoriala din"
MD,MD-BA,Balti
MD,MD-CA,Cahul
MD,MD-ED,Edinet
MD,MD-OR,Orhei
MD,MD-SO,Soroca
MD,MD-UN,Ungheni
MD,MD-,Moldova
ME,ME-,Montenegro
ME,ME-14,Pljevlja
ME,ME-15,Plužine
ME,ME-16,Podgorica
ME,ME-17,Rožaje
ME,ME-18,Šavnik
ME,ME-19,Tivat
ME,ME-20,Ulcinj
ME,ME-13,Plav
ME,ME-21,Žabljak
ME,ME-01,Andrijevica
ME,ME-02,Bar
ME,ME-03,Berane
ME,ME-04,Bijelo Polje
ME,ME-05,Budva
ME,ME-06,Cetinje
ME,ME-07,Danilovgrad
ME,ME-08,Herceg-Novi
ME,ME-09,Kolašin
ME,ME-10,Kotor
ME,ME-11,Mojkovac
ME,ME-12,Nikšic´
MF,MF-,Saint Martin (French part)
MG,MG-T,Antananarivo
MG,MG-D,Antsiranana
MG,MG-F,Fianarantsoa
MG,MG-M,Mahajanga
MG,MG-A,Toamasina
MG,MG-U,Toliara
MG,MG-,Madagascar
MH,MH-L,Ralik chain
MH,MH-T,Ratak chain
MH,MH-,Marshall Islands
MK,MK-,North Macedonia
MK,MK-101,Veles
MK,MK-102,Gradsko
MK,MK-103,Demir Kapija
MK,MK-104,Kavadarci
MK,MK-105,Lozovo
MK,MK-106,Negotino
MK,MK-107,Rosoman
MK,MK-108,Sveti Nikole
MK,MK-109,Čaška
MK,MK-201,Berovo
MK,MK-202,Vinica
MK,MK-203,Delčevo
MK,MK-204,Zrnovci
MK,MK-205,Karbinci
MK,MK-206,Kočani
MK,MK-207,Makedonska Kamenica
MK,MK-208,Pehčevo
MK,MK-209,Probištip
MK,MK-210,Češinovo-Obleševo
MK,MK-211,Štip
MK,MK-301,Vevčani
MK,MK-303,Debar
MK,MK-304,Debarca
MK,MK-307,Kičevo
MK,MK-308,Makedonski Brod
MK,MK-310,Ohrid
MK,MK-311,Plasnica
MK,MK-312,Struga
MK,MK-313,Centar Župa
MK,MK-401,Bogdanci
MK,MK-402,Bosilovo
MK,MK-403,Valandovo
MK,MK-404,Vasilevo
MK,MK-405,Gevgelija
MK,MK-406,Dojran
MK,MK-407,Konče
MK,MK-408,Novo Selo
MK,MK-409,Radoviš
MK,MK-410,Strumica
MK,MK-501,Bitola
MK,MK-502,Demir Hisar
MK,MK-503,Dolneni
MK,MK-504,Krivogaštani
MK,MK-505,Kruševo
MK,MK-506,Mogila
MK,MK-507,Novaci
MK,MK-508,Prilep
MK,MK-509,Resen
MK,MK-601,Bogovinje
MK,MK-602,Brvenica
MK,MK-603,Vrapčište
MK,MK-604,Gostivar
MK,MK-605,Želino
MK,MK-606,Jegunovce
MK,MK-607,Mavrovo i Rostuše
MK,MK-608,Tearce
MK,MK-609,Tetovo
MK,MK-701,Kratovo
MK,MK-702,Kriva Palanka
MK,MK-703,Kumanovo
MK,MK-704,Lipkovo
MK,MK-705,Rankovce
MK,MK-706,Staro Nagoričane
MK,MK-801,Aerodrom
MK,MK-802,Aračinovo
MK,MK-803,Butel
MK,MK-804,Gazi Baba
MK,MK-805,Gjorče Petrov
MK,MK-806,Zelenikovo
MK,MK-807,Ilinden
MK,MK-808,Karpoš
MK,MK-809,Kisela Voda
MK,MK-810,Petrovec
MK,MK-811,Saraj
MK,MK-812,Sopište
MK,MK-813,Studeničani
MK,MK-814,Centar
MK,MK-815,Čair
MK,MK-816,Čučer-Sandevo
MK,MK-817,Šuto Orizari
ML,ML-BKO,Bamako
ML,ML-7,Gao
ML,ML-1,Kayes
ML,ML-8,Kidal
ML,ML-2,Koulikoro
ML,ML-5,Mopti
ML,ML-4,Ségou
ML,ML-3,Sikasso
ML,ML-6,Tombouctou
ML,ML-,Mali
MM,MM-07,Ayeyarwady
MM,MM-02,Bago
MM,MM-03,Magway
MM,MM-04,Mandalay
MM,MM-01,Sagaing
MM,MM-05,Tanintharyi
MM,MM-06,Yangon
MM,MM-14,Chin
MM,MM-11,Kachin
MM,MM-12,Kayah
MM,MM-13,Kayin
MM,MM-15,Mon
MM,MM-16,Rakhine
MM,MM-17,Shan
MM,MM-,Myanmar
MN,MN-1,Ulaanbaatar
MN,MN-073,Arhangay
MN,MN-069,Bayanhongor
MN,MN-071,Bayan-Ölgiy
MN,MN-067,Bulgan
MN,MN-037,Darhan uul
MN,MN-061,Dornod
MN,MN-063,Dornogovi
MN,MN-059,Dundgovi
MN,MN-057,Dzavhan
MN,MN-065,Govi-Altay
MN,MN-064,Govi-Sümber
MN,MN-039,Hentiy
MN,MN-043,Hovd
MN,MN-041,Hövsgöl
MN,MN-053,Ömnögovi
MN,MN-035,Orhon
MN,MN-055,Övörhangay
MN,MN-049,Selenge
MN,MN-051,Sühbaatar
MN,MN-047,Töv
MN,MN-046,Uvs
MN,MN-,Mongolia
MO,MO-,Macau
MP,MP-NI,Northern Islands
MP,MP-RO,Rota
MP,MP-SA,Saipan
MP,MP-TI,Tinian
MP,MP-,Northern Mariana Islands
MQ,MQ-,Martinique
MR,MR-NKC,Nouakchott
MR,MR-07,Adrar
MR,MR-03,Assaba
MR,MR-05,Brakna
MR,MR-08,Dakhlet Nouâdhibou
MR,MR-04,Gorgol
MR,MR-10,Guidimaka
MR,MR-01,Hodh ech Chargui
MR,MR-02,Hodh el Gharbi
MR,MR-12,Inchiri
MR,MR-09,Tagant
MR,MR-11,Tiris Zemmour
MR,MR-06,Trarza
MR,MR-,Mauritania
MS,MS-,Montserrat
MT,MT-01,Attard
MT,MT-02,Balzan
MT,MT-03,Birgu
MT,MT-04,Birkirkara
MT,MT-05,Birzebbuga
MT,MT-06,Bormla
MT,MT-07,Dingli
MT,MT-08,Fgura
MT,MT-09,Floriana
MT,MT-10,Fontana
MT,MT-11,Gudja
MT,MT-12,Gzira
MT,MT-13,Ghajnsielem
MT,MT-14,Gharb
MT,MT-15,Gharghur
MT,MT-16,Ghasri
MT,MT-17,Ghaxaq
MT,MT-18,Hamrun
MT,MT-19,Iklin
MT,MT-20,Isla
MT,MT-21,Kalkara
MT,MT-22,Kercem
MT,MT-23,Kirkop
MT,MT-24,Lija
MT,MT-25,Luqa
MT,MT-26,Marsa
MT,MT-27,Marsaskala
MT,MT-28,Marsaxlokk
MT,MT-29,Mdina
MT,MT-30,Mellieha
MT,MT-31,Mgarr
MT,MT-32,Mosta
MT,MT-33,Mqabba
MT,MT-34,Msida
MT,MT-35,Mtarfa
MT,MT-36,Munxar
MT,MT-37,Nadur
MT,MT-38,Naxxar
MT,MT-39,Paola
MT,MT-40,Pembroke
MT,MT-42,Qala
MT,MT-43,Qormi
MT,MT-44,Qrendi
MT,MT-45,Rabat Gozo
MT,MT-47,Safi
MT,MT-48,San Giljan
MT,MT-49,San Gwann
MT,MT-50,San Lawrenz
MT,MT-51,Saint Paul’s Bay
MT,MT-52,Sannat
MT,MT-53,Santa Lucija
MT,MT-54,Santa Venera
MT,MT-55,Siggiewi
MT,MT-57,Swieqi
MT,MT-58,Ta’ Xbiex
MT,MT-59,Tarxien
MT,MT-60,Valletta
MT,MT-61,Xaghra
MT,MT-63,Xghajra
MT,MT-64,Zabbar
MT,MT-65,Zebbug Gozo
MT,MT-66,Zebbug Malta
MT,MT-67,Zejtun
MT,MT-68,Zurrieq
MT,MT-41,Pietà
MT,MT-46,Rabat Malta
MT,MT-56,Sliema
MT,MT-62,Xewkija
MT,MT-,Malta
MU,MU-BR,Beau Bassin-Rose Hill
MU,MU-CU,Curepipe
MU,MU-PU,Port Louis City
MU,MU-QB,Quatre Bornes
MU,MU-VP,Vacoas-Phoenix
MU,MU-BL,Black River
MU,MU-FL,Flacq
MU,MU-GP,Grand Port
MU,MU-MO,Moka
MU,MU-PA,Pamplemousses
MU,MU-PW,Plaines Wilhems
MU,MU-PL,Port Louis
MU,MU-RR,Rivière du Rempart
MU,MU-SA,Savanne
MU,MU-AG,Agalega Islands
MU,MU-CC,Cargados Carajos Shoals
MU,MU-RO,Rodrigues Island
MU,MU-,Mauritius
MV,MV-00,Alifu Dhaalu
MV,MV-MLE,Male
MV,MV-02,Alif
MV,MV-20,Baa
MV,MV-17,Dhaalu
MV,MV-14,Faafu
MV,MV-27,Gaaf Alif
MV,MV-28,Gaafu Dhaalu
MV,MV-29,Gnaviyani
MV,MV-07,Haa Alif
MV,MV-23,Haa Dhaalu
MV,MV-26,Kaafu
MV,MV-05,Laamu
MV,MV-03,Lhaviyani
MV,MV-12,Meemu
MV,MV-25,Noonu
MV,MV-13,Raa
MV,MV-01,Seenu
MV,MV-24,Shaviyani
MV,MV-08,Thaa
MV,MV-04,Vaavu
MV,MV-,Maldives
MW,MW-N,Northern
MW,MW-,Malawi
MW,MW-C,Central
MW,MW-S,Southern
MX,MX-DIF,Ciudad de México
MX,MX-AGU,Aguascalientes
MX,MX-BCN,Baja California
MX,MX-BCS,Baja California Sur
MX,MX-CAM,Campeche
MX,MX-COA,Coahuila
MX,MX-COL,Colima
MX,MX-CHP,Chiapas
MX,MX-CHH,Chihuahua
MX,MX-DUR,Durango
MX,MX-GUA,Guanajuato
MX,MX-GRO,Guerrero
MX,MX-HID,Hidalgo
MX,MX-JAL,Jalisco
MX,MX-MEX,México
MX,MX-MIC,Michoacán
MX,MX-MOR,Morelos
MX,MX-NAY,Nayarit
MX,MX-NLE,Nuevo León
MX,MX-OAX,Oaxaca
MX,MX-PUE,Puebla
MX,MX-QUE,Querétaro
MX,MX-ROO,Quintana Roo
MX,MX-SLP,San Luis Potosí
MX,MX-SIN,Sinaloa
MX,MX-SON,Sonora
MX,MX-TAB,Tabasco
MX,MX-TAM,Tamaulipas
MX,MX-TLA,Tlaxcala
MX,MX-VER,Veracruz
MX,MX-YUC,Yucatán
MX,MX-ZAC,Zacatecas
MX,MX-,Mexico
MY,MY-14,Wilayah Persekutuan Kuala Lumpur
MY,MY-15,Wilayah Persekutuan Labuan
MY,MY-01,Johor
MY,MY-02,Kedah
MY,MY-03,Kelantan
MY,MY-04,Melaka
MY,MY-05,Negeri Sembilan
MY,MY-06,Pahang
MY,MY-08,Perak
MY,MY-09,Perlis
MY,MY-07,Pulau Pinang
MY,MY-12,Sabah
MY,MY-13,Sarawak
MY,MY-10,Selangor
MY,MY-11,Terengganu
MY,MY-16,Wilayah Persekutuan Putrajaya
MY,MY-,Malaysia
MZ,MZ-P,Cabo Delgado
MZ,MZ-G,Gaza
MZ,MZ-I,Inhambane
MZ,MZ-B,Manica
MZ,MZ-L,Maputo
MZ,MZ-N,Nampula
MZ,MZ-A,Niassa
MZ,MZ-S,Sofala
MZ,MZ-T,Tete
MZ,MZ-Q,Zambézia
MZ,MZ-,Mozambique
NA,NA-CA,Caprivi
NA,NA-ER,Erongo
NA,NA-HA,Hardap
NA,NA-KA,Karas
NA,NA-KH,Khomas
NA,NA-KU,Kunene
NA,NA-OW,Ohangwena
NA,NA-OK,Okavango
NA,NA-OH,Omaheke
NA,NA-OS,Omusati
NA,NA-ON,Oshana
NA,NA-OT,Oshikoto
NA,NA-OD,Otjozondjupa
NA,NA-,Namibia
NC,NC-,New Caledonia
NE,NE-8,Niamey
NE,NE-1,Agadez
NE,NE-2,Diffa
NE,NE-3,Dosso
NE,NE-4,Maradi
NE,NE-5,Tahoua
NE,NE-6,Tillabéri
NE,NE-7,Zinder
NE,NE-,Niger
NF,NF-,Norfolk Island
NG,NG-FC,Abuja Federal Capital Territory
NG,NG-AB,Abia
NG,NG-AD,Adamawa
NG,NG-AK,Akwa Ibom
NG,NG-AN,Anambra
NG,NG-BA,Bauchi
NG,NG-BY,Bayelsa
NG,NG-BE,Benue
NG,NG-BO,Borno
NG,NG-CR,Cross River
NG,NG-DE,Delta
NG,NG-EB,Ebonyi
NG,NG-ED,Edo
NG,NG-EK,Ekiti
NG,NG-EN,Enugu
NG,NG-GO,Gombe
NG,NG-IM,Imo
NG,NG-JI,Jigawa
NG,NG-KD,Kaduna
NG,NG-KN,Kano
NG,NG-KT,Katsina
NG,NG-KE,Kebbi
NG,NG-KO,Kogi
NG,NG-KW,Kwara
NG,NG-LA,Lagos
NG,NG-NA,Nassarawa
NG,NG-NI,Niger
NG,NG-OG,Ogun
NG,NG-ON,Ondo
NG,NG-OS,Osun
NG,NG-OY,Oyo
NG,NG-PL,Plateau
NG,NG-RI,Rivers
NG,NG-SO,Sokoto
NG,NG-TA,Taraba
NG,NG-YO,Yobe
NG,NG-ZA,Zamfara
NG,NG-,Nigeria
NI,NI-BO,Boaco
NI,NI-CA,Carazo
NI,NI-CI,Chinandega
NI,NI-CO,Chontales
NI,NI-ES,Estelí
NI,NI-GR,Granada
NI,NI-JI,Jinotega
NI,NI-LE,León
NI,NI-MD,Madriz
NI,NI-MN,Managua
NI,NI-MS,Masaya
NI,NI-MT,Matagalpa
NI,NI-NS,Nueva Segovia
NI,NI-SJ,Río San Juan
NI,NI-RI,Rivas
NI,NI-AN,Atlántico Norte
NI,NI-AS,Atlántico Sur
NI,NI-,Nicaragua
NL,NL-DR,Drenthe
NL,NL-FL,Flevoland
NL,NL-FR,Fryslân
NL,NL-GE,Gelderland
NL,NL-GR,Groningen
NL,NL-LI,Limburg
NL,NL-NB,Noord-Brabant
NL,NL-NH,Noord-Holland
NL,NL-OV,Overijssel
NL,NL-UT,Utrecht
NL,NL-ZE,Zeeland
NL,NL-ZH,Zuid-Holland
NL,NL-,Netherlands
NO,NO-02,Akershus
NO,NO-09,Aust-Agder
NO,NO-06,Buskerud
NO,NO-20,Finnmark
NO,NO-04,Hedmark
NO,NO-12,Hordaland
NO,NO-15,Møre og Romsdal
NO,NO-18,Nordland
NO,NO-17,Nord-Trøndelag
NO,NO-05,Oppland
NO,NO-03,Oslo
NO,NO-11,Rogaland
NO,NO-14,Sogn og Fjordane
NO,NO-16,Sør-Trøndelag
NO,NO-08,Telemark
NO,NO-19,Troms
NO,NO-10,Vest-Agder
NO,NO-07,Vestfold
NO,NO-01,Østfold
NO,NO-22,Jan Mayen
NO,NO-,Norway
NP,NP-1,Province 1
NP,NP-6,Karnali
NP,NP-3,Bagmati
NP,NP-5,Lumbini
NP,NP-2,Madhesh
NP,NP-7,Sudurpaschim
NP,NP-4,Gandaki
NP,NP-,Nepal
NR,NR-14,Yaren
NR,NR-02,Anabar
NR,NR-03,Anetan
NR,NR-04,Anibare
NR,NR-05,Baiti
NR,NR-07,Buada
NR,NR-08,Denigomodu
NR,NR-09,Ewa
NR,NR-10,Ijuw
NR,NR-12,Nibok
NR,NR-13,Uaboe
NR,NR-01,Aiwo
NR,NR-06,Boe
NR,NR-11,Meneng
NR,NR-,Nauru
NU,NU-,Niue
NZ,NZ-CI,Chatham Islands
NZ,NZ-AUK,Auckland
NZ,NZ-BOP,Bay of Plenty
NZ,NZ-CAN,Canterbury
NZ,NZ-GIS,Gisborne
NZ,NZ-HKB,Hawke's Bay
NZ,NZ-MWT,Manawatu-Wanganui
NZ,NZ-MBH,Marlborough
NZ,NZ-NSN,Nelson
NZ,NZ-NTL,Northland
NZ,NZ-OTA,Otago
NZ,NZ-STL,Southland
NZ,NZ-TKI,Taranaki
NZ,NZ-TAS,Tasman
NZ,NZ-WKO,Waikato
NZ,NZ-WGN,Wellington
NZ,NZ-WTC,West Coast
NZ,NZ-,New Zealand
OM,OM-BS,Al Batinah North
OM,OM-BJ,Al Batinah South
OM,OM-ZU,Dhofar
OM,OM-MU,Musandam
OM,OM-DA,A'Dakhiliya
OM,OM-BU,Al Buraimi
OM,OM-WU,Al Wusta
OM,OM-SS,A'Sharqiyah North
OM,OM-SJ,A'Sharqiyah South
OM,OM-MA,Muscat
OM,OM-ZA,A'Dhahirah
OM,OM-,Oman
PA,PA-EM,Emberá
PA,PA-KY,Kuna Yala
PA,PA-NB,Ngäbe-Buglé
PA,PA-1,Bocas del Toro
PA,PA-2,Coclé
PA,PA-3,Colón
PA,PA-4,Chiriquí
PA,PA-5,Darién
PA,PA-6,Herrera
PA,PA-7,Los Santos
PA,PA-8,Panamá
PA,PA-9,Veraguas
PA,PA-,Panama
PE,PE-CAL,El Callao
PE,PE-AMA,Amazonas
PE,PE-ANC,Ancash
PE,PE-APU,Apurímac
PE,PE-ARE,Arequipa
PE,PE-AYA,Ayacucho
PE,PE-CAJ,Cajamarca
PE,PE-CUS,Cuzco [Cusco]
PE,PE-HUV,Huancavelica
PE,PE-HUC,Huánuco
PE,PE-ICA,Ica
PE,PE-JUN,Junín
PE,PE-LAL,La Libertad
PE,PE-LAM,Lambayeque
PE,PE-LIM,Lima
PE,PE-LOR,Loreto
PE,PE-MDD,Madre de Dios
PE,PE-MOQ,Moquegua
PE,PE-PAS,Pasco
PE,PE-PIU,Piura
PE,PE-PUN,Puno
PE,PE-SAM,San Martín
PE,PE-TAC,Tacna
PE,PE-TUM,Tumbes
PE,PE-UCA,Ucayali
PE,PE-,Peru
PF,PF-LI,Leeward Islands
PF,PF-MI,Marquesas Islands
PF,PF-TG,Tuamotu-Gambier
PF,PF-TI,Austral Islands
PF,PF-WI,Windward Islands
PF,PF-,French Polynesia
PG,PG-NCD,National Capital District (Port Moresby)
PG,PG-CPM,Central
PG,PG-CPK,Chimbu
PG,PG-EHG,Eastern Highlands
PG,PG-EBR,East New Britain
PG,PG-ESW,East Sepik
PG,PG-EPW,Enga
PG,PG-GPK,Gulf
PG,PG-MPM,Madang
PG,PG-MRL,Manus
PG,PG-MBA,Milne Bay
PG,PG-MPL,Morobe
PG,PG-NIK,New Ireland
PG,PG-NPP,Northern
PG,PG-NSA,North Solomons (Bougainville)
PG,PG-SAN,Sandaun (West Sepik)
PG,PG-SHM,Southern Highlands
PG,PG-WPD,Western
PG,PG-WHM,Western Highlands
PG,PG-WBK,West New Britain
PG,PG-,Papua New Guinea
PH,PH-ABR,Abra
PH,PH-AGN,Agusan del Norte
PH,PH-AGS,Agusan del Sur
PH,PH-AKL,Aklan
PH,PH-ALB,Albay
PH,PH-ANT,Antique
PH,PH-APA,Apayao
PH,PH-AUR,Aurora
PH,PH-BAS,Basilan
PH,PH-BAN,Bataan
PH,PH-BTN,Batanes
PH,PH-BTG,Batangas
PH,PH-BEN,Benguet
PH,PH-BIL,Biliran
PH,PH-BOH,Bohol
PH,PH-BUK,Bukidnon
PH,PH-BUL,Bulacan
PH,PH-CAG,Cagayan
PH,PH-CAN,Camarines Norte
PH,PH-CAS,Camarines Sur
PH,PH-CAM,Camiguin
PH,PH-CAP,Capiz
PH,PH-CAT,Catanduanes
PH,PH-CAV,Cavite
PH,PH-CEB,Cebu
PH,PH-COM,Compostela Valley
PH,PH-NCO,Cotabato
PH,PH-DAO,Davao Oriental
PH,PH-DAV,Davao del Norte
PH,PH-DAS,Davao del Sur
PH,PH-DIN,Dinagat Islands
PH,PH-EAS,Eastern Samar
PH,PH-GUI,Guimaras
PH,PH-IFU,Ifugao
PH,PH-ILN,Ilocos Norte
PH,PH-ILS,Ilocos Sur
PH,PH-ILI,Iloilo
PH,PH-ISA,Isabela
PH,PH-KAL,Kalinga
PH,PH-LUN,La Union
PH,PH-LAG,Laguna
PH,PH-LAN,Lanao del Norte
PH,PH-LAS,Lanao del Sur
PH,PH-LEY,Leyte
PH,PH-MAG,Maguindanao
PH,PH-MAD,Marinduque
PH,PH-MAS,Masbate
PH,PH-MDC,Occidental Mindoro
PH,PH-MDR,Oriental Mindoro
PH,PH-MSC,Misamis Occidental
PH,PH-MSR,Misamis Oriental
PH,PH-MOU,Mountain Province
PH,PH-NEC,Negros Occidental
PH,PH-NER,Negros Oriental
PH,PH-NSA,Northern Samar
PH,PH-NUE,Nueva Ecija
PH,PH-NUV,Nueva Vizcaya
PH,PH-PLW,Palawan
PH,PH-PAM,Pampanga
PH,PH-PAN,Pangasinan
PH,PH-QUE,Quezon
PH,PH-QUI,Quirino
PH,PH-RIZ,Rizal
PH,PH-ROM,Romblon
PH,PH-WSA,Samar
PH,PH-SAR,Sarangani
PH,PH-SIG,Siquijor
PH,PH-SOR,Sorsogon
PH,PH-SCO,South Cotabato
PH,PH-SLE,Southern Leyte
PH,PH-SUK,Sultan Kudarat
PH,PH-SLU,Sulu
PH,PH-SUN,Surigao del Norte
PH,PH-SUR,Surigao del Sur
PH,PH-TAR,Tarlac
PH,PH-TAW,Tawi-Tawi
PH,PH-ZMB,Zambales
PH,PH-ZSI,Zamboanga Sibugay
PH,PH-ZAN,Zamboanga del Norte
PH,PH-ZAS,Zamboanga del Sur
PH,PH-DAC,Davao Occidental
PH,PH-,Philippines
PH,PH-00,National Capital Region (Manila)
PK,PK-IS,Islamabad
PK,PK-BA,Baluchistan
PK,PK-NW,North-West Frontier
PK,PK-PB,Punjab
PK,PK-SD,Sind
PK,PK-TA,Federally Administered Tribal Areas
PK,PK-JK,Azad Kashmir
PK,PK-NA,Northern Areas
PK,PK-,Pakistan
PL,PL-DS,Dolnoslaskie
PL,PL-KP,Kujawsko-pomorskie
PL,PL-LU,Lubelskie
PL,PL-LB,Lubuskie
PL,PL-LD,Lódzkie
PL,PL-MA,Malopolskie
PL,PL-MZ,Mazowieckie
PL,PL-OP,Opolskie
PL,PL-PK,Podkarpackie
PL,PL-PD,Podlaskie
PL,PL-PM,Pomorskie
PL,PL-SL,Slaskie
PL,PL-SK,Swietokrzyskie
PL,PL-WN,Warminsko-mazurskie
PL,PL-WP,Wielkopolskie
PL,PL-ZP,Zachodniopomorskie
PL,PL-,Poland
PM,PM-,Saint Pierre and Miquelon
PN,PN-,Pitcairn Islands
PR,PR-AJ,Adjuntas
PR,PR-AD,Aguada
PR,PR-AL,Aguadilla
PR,PR-AB,Aguas Buenas
PR,PR-AI,Aibonito
PR,PR-AC,Arecibo
PR,PR-AR,Arroyo
PR,PR-AN,Añasco
PR,PR-BC,Barceloneta
PR,PR-BQ,Barranquitas
PR,PR-BY,Bayamón
PR,PR-CR,Cabo Rojo
PR,PR-CG,Caguas
PR,PR-CA,Camuy
PR,PR-CV,Canóvanas
PR,PR-CN,Carolina
PR,PR-CT,Cataño
PR,PR-CY,Cayey
PR,PR-CB,Ceiba
PR,PR-CL,Ciales
PR,PR-CD,Cidra
PR,PR-CO,Coamo
PR,PR-CM,Comerío
PR,PR-CZ,Corozal
PR,PR-DO,Dorado
PR,PR-FJ,Fajardo
PR,PR-FL,Florida
PR,PR-GM,Guayama
PR,PR-GL,Guayanilla
PR,PR-GB,Guaynabo
PR,PR-GR,Gurabo
PR,PR-GC,Guánica
PR,PR-HA,Hatillo
PR,PR-HO,Hormigueros
PR,PR-HU,Humacao
PR,PR-IS,Isabela
PR,PR-JY,Jayuya
PR,PR-JD,Juana Díaz
PR,PR-JC,Juncos
PR,PR-LJ,Lajas
PR,PR-LR,Lares
PR,PR-LM,Las Marías
PR,PR-LP,Las Piedras
PR,PR-LZ,Loíza
PR,PR-LQ,Luquillo
PR,PR-MT,Manatí
PR,PR-MR,Maricao
PR,PR-MB,Maunabo
PR,PR-MG,Mayagüez
PR,PR-MC,Moca
PR,PR-MV,Morovis
PR,PR-NG,Naguabo
PR,PR-NR,Naranjito
PR,PR-OR,Orocovis
PR,PR-PT,Patillas
PR,PR-PN,Peñuelas
PR,PR-PO,Ponce
PR,PR-QB,Quebradillas
PR,PR-RC,Rincón
PR,PR-RG,Río Grande
PR,PR-SB,Sabana Grande
PR,PR-SA,Salinas
PR,PR-SG,San Germán
PR,PR-SJ,San Juan
PR,PR-SL,San Lorenzo
PR,PR-SS,San Sebastián
PR,PR-SI,Santa Isabel
PR,PR-TA,Toa Alta
PR,PR-TB,Toa Baja
PR,PR-TJ,Trujillo Alto
PR,PR-UT,Utuado
PR,PR-VA,Vega Alta
PR,PR-VB,Vega Baja
PR,PR-VL,Villalba
PR,PR-YB,Yabucoa
PR,PR-YU,Yauco
PR,PR-VQ,Vieques
PR,PR-CU,Culebra
PR,PR-,Puerto Rico
PS,PS-,Palestinian Territory
PT,PT-01,Aveiro
PT,PT-02,Beja
PT,PT-03,Braga
PT,PT-04,Bragança
PT,PT-05,Castelo Branco
PT,PT-06,Coimbra
PT,PT-07,Évora
PT,PT-08,Faro
PT,PT-09,Guarda
PT,PT-10,Leiria
PT,PT-11,Lisboa
PT,PT-12,Portalegre
PT,PT-13,Porto
PT,PT-14,Santarém
PT,PT-15,Setúbal
PT,PT-16,Viana do Castelo
PT,PT-17,Vila Real
PT,PT-18,Viseu
PT,PT-20,Região Autónoma dos Açores
PT,PT-30,Região Autónoma da Madeira
PT,PT-,Portugal
PW,PW-050,Hatobohei
PW,PW-100,Kayangel
PW,PW-150,Koror
PW,PW-212,Melekeok
PW,PW-214,Ngaraard
PW,PW-218,Ngarchelong
PW,PW-222,Ngardmau
PW,PW-224,Ngatpang
PW,PW-226,Ngchesar
PW,PW-227,Ngeremlengui
PW,PW-228,Ngiwal
PW,PW-350,Peleliu
PW,PW-370,Sonsorol
PW,PW-002,Aimeliik
PW,PW-004,Airai
PW,PW-010,Angaur
PW,PW-,Palau
PY,PY-ASU,Asunción
PY,PY-16,Alto Paraguay
PY,PY-10,Alto Paraná
PY,PY-13,Amambay
PY,PY-19,Boquerón
PY,PY-5,Caaguazú
PY,PY-6,Caazapá
PY,PY-14,Canindeyú
PY,PY-11,Central
PY,PY-1,Concepción
PY,PY-3,Cordillera
PY,PY-4,Guairá
PY,PY-7,Itapúa
PY,PY-8,Misiones
PY,PY-12,Ñeembucú
PY,PY-9,Paraguarí
PY,PY-15,Presidente Hayes
PY,PY-2,San Pedro
PY,PY-,Paraguay
QA,QA-DA,Ad Dawhah
QA,QA-GH,Al Ghuwayriyah
QA,QA-JU,Al Jumayliyah
QA,QA-KH,Al Khawr
QA,QA-WA,Al Wakrah
QA,QA-RA,Ar Rayyan
QA,QA-JB,Jariyan al Batnah
QA,QA-MS,Madinat ash Shamal
QA,QA-US,Umm Salal
QA,QA-,Qatar
RE,RE-,Réunion
RO,RO-B,Bucuresti
RO,RO-AB,Alba
RO,RO-AR,Arad
RO,RO-AG,Arges
RO,RO-BC,Bacau
RO,RO-BH,Bihor
RO,RO-BN,Bistrita-Nasaud
RO,RO-BT,Botosani
RO,RO-BV,Brasov
RO,RO-BR,Braila
RO,RO-BZ,Buzau
RO,RO-CS,Caras-Severin
RO,RO-CL,Calarasi
RO,RO-CJ,Cluj
RO,RO-CT,Constanta
RO,RO-CV,Covasna
RO,RO-DB,Dâmbovita
RO,RO-DJ,Dolj
RO,RO-GL,Galati
RO,RO-GR,Giurgiu
RO,RO-GJ,Gorj
RO,RO-HR,Harghita
RO,RO-HD,Hunedoara
RO,RO-IL,Ialomita
RO,RO-IS,Iasi
RO,RO-MM,Maramures
RO,RO-MH,Mehedinti
RO,RO-MS,Mures
RO,RO-NT,Neamt
RO,RO-OT,Olt
RO,RO-PH,Prahova
RO,RO-SM,Satu Mare
RO,RO-SJ,Salaj
RO,RO-SB,Sibiu
RO,RO-SV,Suceava
RO,RO-TR,Teleorman
RO,RO-TM,Timis
RO,RO-TL,Tulcea
RO,RO-VS,Vaslui
RO,RO-VL,Vâlcea
RO,RO-VN,Vrancea
RO,RO-IF,Ilfov
RO,RO-,Romania
RS,RS-00,Beograd
RS,RS-08,Macva
RS,RS-09,Kolubara
RS,RS-10,Podunavlje
RS,RS-11,Branicevo
RS,RS-12,Šumadija
RS,RS-13,Pomoravlje
RS,RS-14,Bor
RS,RS-15,Zajecar
RS,RS-16,Zlatibor
RS,RS-,Serbia
RS,RS-17,Moravica
RS,RS-18,Raška
RS,RS-19,Rasina
RS,RS-20,Nišava
RS,RS-21,Toplica
RS,RS-22,Pirot
RS,RS-23,Jablanica
RS,RS-24,Pcinja
RS,RS-VO,Vojvodina
RU,RU-ALT,Altai Krai
RU,RU-AMU,Amur Oblast
RU,RU-ARK,Arkhangelsk Oblast
RU,RU-AST,Astrakhan Oblast
RU,RU-BEL,Belgorod Oblast
RU,RU-BRY,Bryansk Oblast
RU,RU-BU,Buryatia
RU,RU-AD,Adygea
RU,RU-BA,Bashkortostan
RU,RU-CHE,Chelyabinsk Oblast
RU,RU-CHU,Chukotka Autonomous Okrug
RU,RU-SPE,Saint Petersburg
RU,RU-AL,Altai Republic
RU,RU-CU,Chuvashia
RU,RU-IN,Ingushetia
RU,RU-DA,Dagestan
RU,RU-KB,Kabardino-Balkaria
RU,RU-KLU,Kaluga Oblast
RU,RU-KAM,Kamchatka Krai
RU,RU-KL,Kalmykia
RU,RU-KR,Republic of Karelia
RU,RU-KC,Karachay-Cherkessia
RU,RU-KHA,Khabarovsk Krai
RU,RU-KEM,Kemerovo Oblast
RU,RU-KHM,Khanty-Mansi Autonomous Okrug
RU,RU-KIR,Kirov Oblast
RU,RU-KK,Khakassia
RU,RU-KO,Komi
RU,RU-KDA,Krasnodar Krai
RU,RU-KYA,Krasnoyarsk Krai
RU,RU-KGN,Kurgan Oblast
RU,RU-KRS,Kursk Oblast
RU,RU-,Russia
RU,RU-LEN,Leningrad Oblast
RU,RU-KOS,Kostroma Oblast
RU,RU-MAG,Magadan Oblast
RU,RU-LIP,Lipetsk Oblast
RU,RU-ME,Mari El
RU,RU-MOW,Moscow
RU,RU-MUR,Murmansk Oblast
RU,RU-NEN,Nenets Autonomous Okrug
RU,RU-NIZ,Nizhny Novgorod Oblast
RU,RU-NGR,Novgorod Oblast
RU,RU-NVS,Novosibirsk Oblast
RU,RU-OMS,Omsk Oblast
RU,RU-PNZ,Penza Oblast
RU,RU-IVA,Ivanovo Oblast
RU,RU-ORE,Orenburg Oblast
RU,RU-PER,Perm Krai
RU,RU-PRI,Primorsky Krai
RU,RU-SA,Sakha
RU,RU-PSK,Pskov Oblast
RU,RU-ROS,Rostov Oblast
RU,RU-RYA,Ryazan Oblast
RU,RU-SAK,Sakhalin Oblast
RU,RU-SAM,Samara Oblast
RU,RU-SAR,Saratov Oblast
RU,RU-SMO,Smolensk Oblast
RU,RU-STA,Stavropol Krai
RU,RU-SVE,Sverdlovsk Oblast
RU,RU-TAM,Tambov Oblast
RU,RU-TOM,Tomsk Oblast
RU,RU-TA,Tatarstan
RU,RU-TY,Tuva
RU,RU-TUL,Tula Oblast
RU,RU-TVE,Tver Oblast
RU,RU-TYU,Tyumen Oblast
RU,RU-UD,Udmurtia
RU,RU-ULY,Ulyanovsk Oblast
RU,RU-VLA,Vladimir Oblast
RU,RU-VGG,Volgograd Oblast
RU,RU-VLG,Vologda Oblast
RU,RU-VOR,Voronezh Oblast
RU,RU-YAN,Yamalo-Nenets Autonomous Okrug
RU,RU-YAR,Yaroslavl Oblast
RU,RU-YEV,Jewish Autonomous Oblast
RU,RU-CHI,Zabaykalsky Krai
RU,RU-CE,Chechnya
RU,RU-IRK,Irkutsk Oblast
RU,RU-KGD,Kaliningrad Oblast
RU,RU-MO,Mordovia
RU,RU-MOS,Moscow Oblast
RU,RU-ORL,Oryol Oblast
RU,RU-SE,North Ossetia-Alania
RW,RW-01,Ville de Kigali
RW,RW-03,Nord
RW,RW-04,Ouest
RW,RW-05,Sud
RW,RW-02,Est
RW,RW-,Rwanda
SA,SA-11,Al Bahah
SA,SA-08,Al Hudud ash Shamaliyah
SA,SA-12,Al Jawf
SA,SA-03,Al Madinah
SA,SA-05,Al Qasim
SA,SA-01,Ar Riyad
SA,SA-04,Ash Sharqiyah
SA,SA-14,‘Asir
SA,SA-06,Ha'il
SA,SA-09,Jizan
SA,SA-02,Makkah
SA,SA-10,Najran
SA,SA-07,Tabuk
SA,SA-,Saudi Arabia
SB,SB-CT,Capital Territory (Honiara)
SB,SB-CE,Central
SB,SB-GU,Guadalcanal
SB,SB-IS,Isabel
SB,SB-MK,Makira-Ulawa
SB,SB-ML,Malaita
SB,SB-TE,Temotu
SB,SB-WE,Western
SB,SB-,Solomon Islands
SB,SB-CH,Choiseul
SB,SB-RB,Rennell and Bellona
SC,SC-07,Baie Sainte Anne
SC,SC-08,Beau Vallon
SC,SC-09,Bel Air
SC,SC-10,Bel Ombre
SC,SC-11,Cascade
SC,SC-12,Glacis
SC,SC-13,Grand' Anse (Mahé)
SC,SC-14,Grand' Anse (Praslin)
SC,SC-15,La Digue
SC,SC-16,La Rivière Anglaise
SC,SC-17,Mont Buxton
SC,SC-18,Mont Fleuri
SC,SC-19,Plaisance
SC,SC-20,Pointe La Rue
SC,SC-21,Port Glaud
SC,SC-22,Saint Louis
SC,SC-23,Takamaka
SC,SC-,Seychelles
SC,SC-01,Anse aux Pins
SC,SC-02,Anse Boileau
SC,SC-03,Anse Étoile
SC,SC-04,Anse Louis
SC,SC-05,Anse Royale
SC,SC-06,Baie Lazare
SD,SD-SI,Sennar
SD,SD-KN,North Kordofan
SD,SD-RS,Red Sea
SD,SD-GZ,Gezira
SD,SD-KH,Khartoum
SD,SD-GD,Gedaref
SD,SD-NR,River Nile
SD,SD-NW,White Nile
SD,SD-NB,Blue Nile
SD,SD-NO,Northern
SD,SD-DW,West Darfur
SD,SD-DS,South Darfur
SD,SD-KS,South Kordofan
SD,SD-KA,Kassala
SD,SD-DN,North Darfur
SD,SD-,Sudan
SE,SE-K,Blekinge län [SE-10]
SE,SE-W,Dalarnas län [SE-20]
SE,SE-I,Gotlands län [SE-09]
SE,SE-X,Gävleborgs län [SE-21]
SE,SE-N,Hallands län [SE-13]
SE,SE-Z,Jämtlands län [SE-23]
SE,SE-F,Jönköpings län [SE-06]
SE,SE-H,Kalmar län [SE-08]
SE,SE-G,Kronobergs län [SE-07]
SE,SE-BD,Norrbottens län [SE-25]
SE,SE-M,Skåne län [SE-12]
SE,SE-AB,Stockholms län [SE-01]
SE,SE-D,Södermanlands län [SE-04]
SE,SE-C,Uppsala län [SE-03]
SE,SE-S,Värmlands län [SE-17]
SE,SE-AC,Västerbottens län [SE-24]
SE,SE-Y,Västernorrlands län [SE-22]
SE,SE-U,Västmanlands län [SE-19]
SE,SE-O,Västra Götalands län [SE-14]
SE,SE-T,Örebro län [SE-18]
SE,SE-E,Östergötlands län [SE-05]
SE,SE-,Sweden
SG,SG-,Singapore
SH,SH-SH,Saint Helena
SH,SH-AC,Ascension
SH,SH-TA,Tristan da Cunha
SH,SH-,"Saint Helena, Ascension, and Tristan da Cunha"
SI,SI-001,Ajdovšcina
SI,SI-002,Beltinci
SI,SI-148,Benedikt
SI,SI-149,Bistrica ob Sotli
SI,SI-003,Bled
SI,SI-150,Bloke
SI,SI-004,Bohinj
SI,SI-005,Borovnica
SI,SI-006,Bovec
SI,SI-151,Braslovce
SI,SI-007,Brda
SI,SI-008,Brezovica
SI,SI-009,Brežice
SI,SI-152,Cankova
SI,SI-011,Celje (urbane commune)
SI,SI-012,Cerklje na Gorenjskem
SI,SI-013,Cerknica
SI,SI-014,Cerkno
SI,SI-153,Cerkvenjak
SI,SI-015,Crenšovci
SI,SI-016,Crna na Koroškem
SI,SI-017,Crnomelj
SI,SI-018,Destrnik
SI,SI-019,Divaca
SI,SI-154,Dobje
SI,SI-020,Dobrepolje
SI,SI-155,Dobrna
SI,SI-021,Dobrova-Horjul-Polhov Gradec
SI,SI-156,Dobrovnik
SI,SI-022,Dol pri Ljubljani
SI,SI-157,Dolenjske Toplice
SI,SI-023,Domžale
SI,SI-024,Dornava
SI,SI-025,Dravograd
SI,SI-026,Duplek
SI,SI-027,Gorenja vas-Poljane
SI,SI-028,Gorišnica
SI,SI-029,Gornja Radgona
SI,SI-030,Gornji Grad
SI,SI-031,Gornji Petrovci
SI,SI-158,Grad
SI,SI-032,Grosuplje
SI,SI-159,Hajdina
SI,SI-160,Hoce-Slivnica
SI,SI-161,Hodoš
SI,SI-162,Horjul
SI,SI-034,Hrastnik
SI,SI-035,Hrpelje-Kozina
SI,SI-036,Idrija
SI,SI-037,Ig
SI,SI-038,Ilirska Bistrica
SI,SI-039,Ivancna Gorica
SI,SI-040,Izola/Isola
SI,SI-041,Jesenice
SI,SI-163,Jezersko
SI,SI-042,Juršinci
SI,SI-043,Kamnik
SI,SI-044,Kanal
SI,SI-045,Kidricevo
SI,SI-046,Kobarid
SI,SI-047,Kobilje
SI,SI-048,Kocevje
SI,SI-049,Komen
SI,SI-164,Komenda
SI,SI-050,Koper/Capodistria (urbane commune)
SI,SI-165,Kostel
SI,SI-051,Kozje
SI,SI-052,Kranj (urbane commune)
SI,SI-053,Kranjska Gora
SI,SI-166,Križevci
SI,SI-054,Krško
SI,SI-055,Kungota
SI,SI-056,Kuzma
SI,SI-057,Laško
SI,SI-058,Lenart
SI,SI-059,Lendava
SI,SI-060,Litija
SI,SI-061,Ljubljana (urbane commune)
SI,SI-062,Ljubno
SI,SI-063,Ljutomer
SI,SI-064,Logatec
SI,SI-065,Loška Dolina
SI,SI-066,Loški Potok
SI,SI-167,Lovrenc na Pohorju
SI,SI-067,Luce
SI,SI-068,Lukovica
SI,SI-069,Majšperk
SI,SI-070,Maribor (urbane commune)
SI,SI-168,Markovci
SI,SI-071,Medvode
SI,SI-072,Mengeš
SI,SI-073,Metlika
SI,SI-074,Mežica
SI,SI-169,Miklavž na Dravskem Polju
SI,SI-075,Miren-Kostanjevica
SI,SI-170,Mirna Pec
SI,SI-076,Mislinja
SI,SI-077,Moravce
SI,SI-078,Moravske Toplice
SI,SI-079,Mozirje
SI,SI-080,Murska Sobota (urbane commune)
SI,SI-081,Muta
SI,SI-082,Naklo
SI,SI-083,Nazarje
SI,SI-084,Nova Gorica (urbane commune)
SI,SI-085,Novo Mesto (urbane commune)
SI,SI-086,Odranci
SI,SI-171,Oplotnica
SI,SI-087,Ormož
SI,SI-088,Osilnica
SI,SI-089,Pesnica
SI,SI-090,Piran
SI,SI-091,Pivka
SI,SI-092,Podcetrtek
SI,SI-172,Podlehnik
SI,SI-093,Podvelka
SI,SI-173,Polzela
SI,SI-094,Postojna
SI,SI-174,Prebold
SI,SI-095,Preddvor
SI,SI-175,Prevalje
SI,SI-096,Ptuj (urbane commune)
SI,SI-097,Puconci
SI,SI-098,Race-Fram
SI,SI-099,Radece
SI,SI-100,Radenci
SI,SI-101,Radlje ob Dravi
SI,SI-102,Radovljica
SI,SI-103,Ravne na Koroškem
SI,SI-176,Razkrižje
SI,SI-104,Ribnica
SI,SI-177,Ribnica na Pohorju
SI,SI-106,Rogaška Slatina
SI,SI-105,Rogašovci
SI,SI-107,Rogatec
SI,SI-108,Ruše
SI,SI-178,Selnica ob Dravi
SI,SI-109,Semic
SI,SI-110,Sevnica
SI,SI-111,Sežana
SI,SI-112,Slovenj Gradec (urbane commune)
SI,SI-113,Slovenska Bistrica
SI,SI-114,Slovenske Konjice
SI,SI-179,Sodražica
SI,SI-180,Solcava
SI,SI-115,Starše
SI,SI-181,Sveta Ana
SI,SI-182,Sveti Andraž v Slovenskih Goricah
SI,SI-116,Sveti Jurij
SI,SI-033,Šalovci
SI,SI-183,Šempeter-Vrtojba
SI,SI-117,Šencur
SI,SI-118,Šentilj
SI,SI-119,Šentjernej
SI,SI-120,Šentjur pri Celju
SI,SI-121,Škocjan
SI,SI-122,Škofja Loka
SI,SI-123,Škofljica
SI,SI-124,Šmarje pri Jelšah
SI,SI-125,Šmartno ob Paki
SI,SI-194,Šmartno pri Litiji
SI,SI-126,Šoštanj
SI,SI-127,Štore
SI,SI-184,Tabor
SI,SI-010,Tišina
SI,SI-128,Tolmin
SI,SI-129,Trbovlje
SI,SI-130,Trebnje
SI,SI-185,Trnovska Vas
SI,SI-131,Tržic
SI,SI-186,Trzin
SI,SI-132,Turnišce
SI,SI-133,Velenje (urbane commune)
SI,SI-187,Velika Polana
SI,SI-134,Velike Lašce
SI,SI-188,Veržej
SI,SI-135,Videm
SI,SI-136,Vipava
SI,SI-137,Vitanje
SI,SI-138,Vodice
SI,SI-139,Vojnik
SI,SI-189,Vransko
SI,SI-140,Vrhnika
SI,SI-141,Vuzenica
SI,SI-142,Zagorje ob Savi
SI,SI-143,Zavrc
SI,SI-144,Zrece
SI,SI-190,Žalec
SI,SI-146,Železniki
SI,SI-191,Žetale
SI,SI-147,Žiri
SI,SI-192,Žirovnica
SI,SI-193,Žužemberk
SI,SI-,Slovenia
SJ,SJ-,Svalbard
SK,SK-BC,Banskobystrický kraj
SK,SK-BL,Bratislavský kraj
SK,SK-KI,Košický kraj
SK,SK-NI,Nitriansky kraj
SK,SK-PV,Prešovský kraj
SK,SK-TC,Trenciansky kraj
SK,SK-TA,Trnavský kraj
SK,SK-ZI,Žilinský kraj
SK,SK-,Slovakia
SL,SL-W,Western Area (Freetown)
SL,SL-E,Eastern
SL,SL-N,Northern
SL,SL-S,Southern
SL,SL-,Sierra Leone
SM,SM-01,Acquaviva
SM,SM-02,Chiesanuova
SM,SM-03,Domagnano
SM,SM-04,Faetano
SM,SM-05,Fiorentino
SM,SM-06,Borgo Maggiore
SM,SM-07,San Marino
SM,SM-08,Montegiardino
SM,SM-09,Serravalle
SM,SM-,San Marino
SN,SN-MT,Matam
SN,SN-DK,Dakar
SN,SN-DB,Diourbel
SN,SN-FK,Fatick
SN,SN-KL,Kaolack
SN,SN-KD,Kolda
SN,SN-LG,Louga
SN,SN-SL,Saint-Louis
SN,SN-TC,Tambacounda
SN,SN-TH,Thiès
SN,SN-ZG,Ziguinchor
SN,SN-,Senegal
SO,SO-AW,Awdal
SO,SO-BK,Bakool
SO,SO-BN,Banaadir
SO,SO-BR,Bari
SO,SO-BY,Bay
SO,SO-GA,Galguduud
SO,SO-GE,Gedo
SO,SO-HI,Hiiraan
SO,SO-JD,Jubbada Dhexe
SO,SO-JH,Jubbada Hoose
SO,SO-MU,Mudug
SO,SO-NU,Nugaal
SO,SO-SA,Sanaag
SO,SO-SD,Shabeellaha Dhexe
SO,SO-SH,Shabeellaha Hoose
SO,SO-SO,Sool
SO,SO-TO,Togdheer
SO,SO-WO,Woqooyi Galbeed
SO,SO-,Somalia
SR,SR-BR,Brokopondo
SR,SR-CM,Commewijne
SR,SR-CR,Coronie
SR,SR-MA,Marowijne
SR,SR-NI,Nickerie
SR,SR-PR,Para
SR,SR-PM,Paramaribo
SR,SR-SA,Saramacca
SR,SR-SI,Sipaliwini
SR,SR-WA,Wanica
SR,SR-,Suriname
SS,SS-,South Sudan
SS,SS-BW,Western Bahr el Ghazal
SS,SS-BN,Northern Bahr el Ghazal
SS,SS-EW,Western Equatoria
SS,SS-EC,Central Equatoria
SS,SS-EE,Eastern Equatoria
SS,SS-JG,Jonglei
SS,SS-WR,Warrap
SS,SS-UY,Unity
SS,SS-NU,Upper Nile
SS,SS-LK,Lakes
ST,ST-P,Príncipe
ST,ST-S,São Tomé
ST,ST-,São Tomé and Príncipe
SV,SV-AH,Ahuachapán
SV,SV-CA,Cabañas
SV,SV-CU,Cuscatlán
SV,SV-CH,Chalatenango
SV,SV-LI,La Libertad
SV,SV-PA,La Paz
SV,SV-UN,La Unión
SV,SV-MO,Morazán
SV,SV-SM,San Miguel
SV,SV-SS,San Salvador
SV,SV-SA,Santa Ana
SV,SV-SV,San Vicente
SV,SV-SO,Sonsonate
SV,SV-US,Usulután
SV,SV-,El Salvador
SX,SX-,Sint Maarten
SY,SY-HA,Al Hasakah
SY,SY-LA,Al Ladhiqiyah
SY,SY-QU,Al Qunaytirah
SY,SY-RA,Ar Raqqah
SY,SY-SU,As Suwayda'
SY,SY-DR,Dar‘a
SY,SY-DY,Dayr az Zawr
SY,SY-DI,Dimashq
SY,SY-HL,Halab
SY,SY-HM,Hamah
SY,SY-HI,Hims
SY,SY-ID,Idlib
SY,SY-RD,Rif Dimashq
SY,SY-TA,Tartus
SY,SY-,Syria
SZ,SZ-HH,Hhohho
SZ,SZ-LU,Lubombo
SZ,SZ-MA,Manzini
SZ,SZ-SH,Shiselweni
SZ,SZ-,Eswatini
TC,TC-,Turks and Caicos Islands
TD,TD-HL,Hadjer Lamis
TD,TD-MA,Mandoul
TD,TD-ME,Mayo-Kébbi-Est
TD,TD-MO,Mayo-Kébbi-Ouest
TD,TD-ND,Ndjamena
TD,TD-WF,Wadi Fira
TD,TD-BA,Batha
TD,TD-BET,Borkou-Ennedi-Tibesti
TD,TD-CB,Chari-Baguirmi
TD,TD-GR,Guéra
TD,TD-KA,Kanem
TD,TD-LC,Lac
TD,TD-LO,Logone-Occidental
TD,TD-LR,Logone-Oriental
TD,TD-MC,Moyen-Chari
TD,TD-OD,Ouaddaï
TD,TD-SA,Salamat
TD,TD-TA,Tandjilé
TD,TD-,Chad
TF,TF-,French Southern and Antarctic Lands
TG,TG-C,Centre
TG,TG-K,Kara
TG,TG-M,Maritime (Région)
TG,TG-P,Plateaux
TG,TG-S,Savannes
TG,TG-,Togo
TH,TH-38,Bueng Kan
TH,TH-10,Krung Thep Maha Nakhon [Bangkok]
TH,TH-37,Amnat Charoen
TH,TH-15,Ang Thong
TH,TH-31,Buri Ram
TH,TH-24,Chachoengsao
TH,TH-18,Chai Nat
TH,TH-36,Chaiyaphum
TH,TH-22,Chanthaburi
TH,TH-50,Chiang Mai
TH,TH-57,Chiang Rai
TH,TH-20,Chon Buri
TH,TH-86,Chumphon
TH,TH-46,Kalasin
TH,TH-62,Kamphaeng Phet
TH,TH-71,Kanchanaburi
TH,TH-40,Khon Kaen
TH,TH-81,Krabi
TH,TH-52,Lampang
TH,TH-51,Lamphun
TH,TH-42,Loei
TH,TH-16,Lop Buri
TH,TH-58,Mae Hong Son
TH,TH-44,Maha Sarakham
TH,TH-49,Mukdahan
TH,TH-26,Nakhon Nayok
TH,TH-73,Nakhon Pathom
TH,TH-48,Nakhon Phanom
TH,TH-30,Nakhon Ratchasima
TH,TH-60,Nakhon Sawan
TH,TH-80,Nakhon Si Thammarat
TH,TH-55,Nan
TH,TH-96,Narathiwat
TH,TH-39,Nong Bua Lam Phu
TH,TH-43,Nong Khai
TH,TH-12,Nonthaburi
TH,TH-13,Pathum Thani
TH,TH-94,Pattani
TH,TH-82,Phangnga
TH,TH-93,Phatthalung
TH,TH-56,Phayao
TH,TH-67,Phetchabun
TH,TH-76,Phetchaburi
TH,TH-66,Phichit
TH,TH-65,Phitsanulok
TH,TH-54,Phrae
TH,TH-14,Phra Nakhon Si Ayutthaya
TH,TH-83,Phuket
TH,TH-25,Prachin Buri
TH,TH-77,Prachuap Khiri Khan
TH,TH-85,Ranong
TH,TH-70,Ratchaburi
TH,TH-21,Rayong
TH,TH-45,Roi Et
TH,TH-27,Sa Kaeo
TH,TH-47,Sakon Nakhon
TH,TH-11,Samut Prakan
TH,TH-74,Samut Sakhon
TH,TH-75,Samut Songkhram
TH,TH-19,Saraburi
TH,TH-91,Satun
TH,TH-17,Sing Buri
TH,TH-33,Si Sa Ket
TH,TH-90,Songkhla
TH,TH-64,Sukhothai
TH,TH-72,Suphan Buri
TH,TH-84,Surat Thani
TH,TH-32,Surin
TH,TH-63,Tak
TH,TH-92,Trang
TH,TH-23,Trat
TH,TH-34,Ubon Ratchathani
TH,TH-41,Udon Thani
TH,TH-61,Uthai Thani
TH,TH-53,Uttaradit
TH,TH-95,Yala
TH,TH-35,Yasothon
TH,TH-,Thailand
TJ,TJ-DU,Dushanbe
TJ,TJ-KT,Khatlon
TJ,TJ-SU,Sughd
TJ,TJ-GB,Kŭhistoni Badakhshon
TJ,TJ-,Tajikistan
TK,TK-,Tokelau
TL,TL-AL,Aileu
TL,TL-AN,Ainaro
TL,TL-BA,Baucau
TL,TL-BO,Bobonaro
TL,TL-CO,Cova Lima
TL,TL-DI,Dili
TL,TL-ER,Ermera
TL,TL-LA,Lautem
TL,TL-LI,Liquiça
TL,TL-MT,Manatuto
TL,TL-MF,Manufahi
TL,TL-OE,Oecussi
TL,TL-VI,Viqueque
TL,TL-,Timor-Leste
TM,TM-A,Ahal
TM,TM-B,Balkan
TM,TM-D,Dasoguz
TM,TM-L,Lebap
TM,TM-M,Mary
TM,TM-,Turkmenistan
TN,TN-31,Béja
TN,TN-13,Ben Arous
TN,TN-23,Bizerte
TN,TN-81,Gabès
TN,TN-71,Gafsa
TN,TN-32,Jendouba
TN,TN-41,Kairouan
TN,TN-42,Kasserine
TN,TN-73,Kebili
TN,TN-12,L'Ariana
TN,TN-33,Le Kef
TN,TN-53,Mahdia
TN,TN-82,Medenine
TN,TN-52,Monastir
TN,TN-21,Nabeul
TN,TN-61,Sfax
TN,TN-43,Sidi Bouzid
TN,TN-34,Siliana
TN,TN-51,Sousse
TN,TN-83,Tataouine
TN,TN-72,Tozeur
TN,TN-11,Tunis
TN,TN-22,Zaghouan
TN,TN-14,La Manouba
TN,TN-,Tunisia
TO,TO-01,'Eua
TO,TO-02,Ha'apai
TO,TO-03,Niuas
TO,TO-04,Tongatapu
TO,TO-05,Vava'u
TO,TO-,Tonga
TR,TR-01,Adana
TR,TR-02,Adıyaman
TR,TR-03,Afyon
TR,TR-04,Ağrı
TR,TR-68,Aksaray
TR,TR-05,Amasya
TR,TR-06,Ankara
TR,TR-07,Antalya
TR,TR-75,Ardahan
TR,TR-08,Artvin
TR,TR-09,Aydın
TR,TR-10,Balıkesir
TR,TR-74,Bartın
TR,TR-72,Batman
TR,TR-69,Bayburt
TR,TR-11,Bilecik
TR,TR-12,Bingöl
TR,TR-13,Bitlis
TR,TR-14,Bolu
TR,TR-15,Burdur
TR,TR-16,Bursa
TR,TR-17,Çanakkale
TR,TR-18,Çankırı
TR,TR-19,Çorum
TR,TR-20,Denizli
TR,TR-21,Diyarbakır
TR,TR-81,Düzce
TR,TR-22,Edirne
TR,TR-23,Elazığ
TR,TR-24,Erzincan
TR,TR-25,Erzurum
TR,TR-26,Eskişehir
TR,TR-27,Gaziantep
TR,TR-28,Giresun
TR,TR-29,Gümüşhane
TR,TR-30,Hakkari
TR,TR-31,Hatay
TR,TR-76,Iğdır
TR,TR-32,Isparta
TR,TR-33,Mersin
TR,TR-34,İstanbul
TR,TR-35,İzmir
TR,TR-46,K.Maraş
TR,TR-78,Karabük
TR,TR-70,Karaman
TR,TR-36,Kars
TR,TR-37,Kastamonu
TR,TR-38,Kayseri
TR,TR-71,Kırıkkale
TR,TR-39,Kırklareli
TR,TR-40,Kırşehir
TR,TR-79,Kilis
TR,TR-41,Kocaeli
TR,TR-42,Konya
TR,TR-43,Kütahya
TR,TR-44,Malatya
TR,TR-45,Manisa
TR,TR-47,Mardin
TR,TR-48,Muğla
TR,TR-49,Muş
TR,TR-50,Nevşehir
TR,TR-51,Niğde
TR,TR-52,Ordu
TR,TR-80,Osmaniye
TR,TR-53,Rize
TR,TR-54,Sakarya
TR,TR-55,Samsun
TR,TR-56,Siirt
TR,TR-57,Sinop
TR,TR-58,Sivas
TR,TR-63,Şanlıurfa
TR,TR-73,Şırnak
TR,TR-59,Tekirdağ
TR,TR-60,Tokat
TR,TR-61,Trabzon
TR,TR-62,Tunceli
TR,TR-64,Uşak
TR,TR-65,Van
TR,TR-77,Yalova
TR,TR-66,Yozgat
TR,TR-67,Zonguldak
TR,TR-,Turkey
TT,TT-TOB,Tobago
TT,TT-CTT,Couva-Tabaquite-Talparo
TT,TT-DMN,Diego Martin
TT,TT-PED,Penal-Debe
TT,TT-PRT,Princes Town
TT,TT-RCM,Rio Claro-Mayaro
TT,TT-SGE,Sangre Grande
TT,TT-SJL,San Juan-Laventille
TT,TT-SIP,Siparia
TT,TT-TUP,Tunapuna-Piarco
TT,TT-ARI,Arima
TT,TT-CHA,Chaguanas
TT,TT-PTF,Point Fortin
TT,TT-POS,Port of Spain
TT,TT-SFO,San Fernando
TT,TT-,Trinidad and Tobago
TV,TV-FUN,Funafuti
TV,TV-NIT,Niutao
TV,TV-NIU,Nui
TV,TV-NKF,Nukufetau
TV,TV-NKL,Nukulaelae
TV,TV-NMA,Nanumea
TV,TV-NMG,Nanumanga
TV,TV-VAI,Vaitupu
TV,TV-,Tuvalu
TW,TW-HSQ,Hsinchu County
TW,TW-KEE,Keelung City
TW,TW-KHQ,Kaohsiung County
TW,TW-PEN,Penghu County
TW,TW-TNQ,Tainan County
TW,TW-TAO,Taoyuan City
TW,TW-PIF,Pingtung County
TW,TW-KIN,Kinmen County
TW,TW-LIE,Lienchiang County
TW,TW-KHH,Kaohsiung City
TW,TW-TPE,Taipei City
TW,TW-CYI,Chiayi City
TW,TW-HSZ,Hsinchu City
TW,TW-TXG,Taichung City
TW,TW-TNN,Tainan City
TW,TW-CHA,Changhua County
TW,TW-CYQ,Chiayi County
TW,TW-HUA,Hualien County
TW,TW-ILA,Yilan County
TW,TW-MIA,Miaoli County
TW,TW-NAN,Nantou County
TW,TW-TXQ,Taichung County
TW,TW-TPQ,New Taipei City
TW,TW-TTT,Taitung County
TW,TW-YUN,Yunlin County
TW,TW-,Taiwan
TZ,TZ-01,Arusha
TZ,TZ-02,Dar es Salaam
TZ,TZ-03,Dodoma
TZ,TZ-04,Iringa
TZ,TZ-05,Kagera
TZ,TZ-06,Pemba North
TZ,TZ-07,Zanzibar North
TZ,TZ-08,Kigoma
TZ,TZ-09,Kilimanjaro
TZ,TZ-10,Pemba South
TZ,TZ-11,Zanzibar South
TZ,TZ-12,Lindi
TZ,TZ-13,Mara
TZ,TZ-14,Mbeya
TZ,TZ-15,Zanzibar West
TZ,TZ-16,Morogoro
TZ,TZ-17,Mtwara
TZ,TZ-18,Mwanza
TZ,TZ-19,Coast
TZ,TZ-20,Rukwa
TZ,TZ-21,Ruvuma
TZ,TZ-22,Shinyanga
TZ,TZ-23,Singida
TZ,TZ-24,Tabora
TZ,TZ-25,Tanga
TZ,TZ-26,Manyara
TZ,TZ-,Tanzania
UA,UA-71,Cherkas'ka Oblast'
UA,UA-74,Chernihivs'ka Oblast'
UA,UA-77,Chernivets'ka Oblast'
UA,UA-12,Dnipropetrovs'ka Oblast'
UA,UA-14,Donets'ka Oblast'
UA,UA-26,Ivano-Frankivs'ka Oblast'
UA,UA-63,Kharkivs'ka Oblast'
UA,UA-65,Khersons'ka Oblast'
UA,UA-68,Khmel'nyts'ka Oblast'
UA,UA-35,Kirovohrads'ka Oblast'
UA,UA-32,Kyïvs'ka Oblast'
UA,UA-09,Luhans'ka Oblast'
UA,UA-46,L'vivs'ka Oblast'
UA,UA-48,Mykolaïvs'ka Oblast'
UA,UA-51,Odes'ka Oblast'
UA,UA-53,Poltavs'ka Oblast'
UA,UA-56,Rivnens'ka Oblast'
UA,UA-59,Sums'ka Oblast'
UA,UA-61,Ternopil's'ka Oblast'
UA,UA-05,Vinnyts'ka Oblast'
UA,UA-07,Volyns'ka Oblast'
UA,UA-21,Zakarpats'ka Oblast'
UA,UA-23,Zaporiz'ka Oblast'
UA,UA-18,Zhytomyrs'ka Oblast'
UA,UA-43,Respublika Krym
UA,UA-30,Kyïv
UA,UA-40,Sevastopol'
UA,UA-,Ukraine
UG,UG-C,Central
UG,UG-E,Eastern
UG,UG-N,Northern
UG,UG-W,Western
UG,UG-,Uganda
UM,UM-81,Baker Island
UM,UM-84,Howland Island
UM,UM-86,Jarvis Island
UM,UM-67,Johnston Atoll
UM,UM-89,Kingman Reef
UM,UM-71,Midway Islands
UM,UM-76,Navassa Island
UM,UM-95,Palmyra Atoll
UM,UM-79,Wake Island
UM,UM-,United States Minor Outlying Islands
US,US-AL,Alabama
US,US-AK,Alaska
US,US-AZ,Arizona
US,US-AR,Arkansas
US,US-CA,California
US,US-CO,Colorado
US,US-CT,Connecticut
US,US-DE,Delaware
US,US-FL,Florida
US,US-GA,Georgia
US,US-HI,Hawaii
US,US-ID,Idaho
US,US-IL,Illinois
US,US-IN,Indiana
US,US-IA,Iowa
US,US-KS,Kansas
US,US-KY,Kentucky
US,US-LA,Louisiana
US,US-ME,Maine
US,US-MD,Maryland
US,US-MA,Massachusetts
US,US-MI,Michigan
US,US-MN,Minnesota
US,US-MS,Mississippi
US,US-MO,Missouri
US,US-MT,Montana
US,US-NE,Nebraska
US,US-NV,Nevada
US,US-NH,New Hampshire
US,US-NJ,New Jersey
US,US-NM,New Mexico
US,US-NY,New York
US,US-NC,North Carolina
US,US-ND,North Dakota
US,US-OH,Ohio
US,US-OK,Oklahoma
US,US-OR,Oregon
US,US-PA,Pennsylvania
US,US-RI,Rhode Island
US,US-SC,South Carolina
US,US-SD,South Dakota
US,US-TN,Tennessee
US,US-TX,Texas
US,US-UT,Utah
US,US-VT,Vermont
US,US-VA,Virginia
US,US-WA,Washington
US,US-WV,West Virginia
US,US-WI,Wisconsin
US,US-WY,Wyoming
US,US-DC,District of Columbia
US,US-,United States
UY,UY-AR,Artigas
UY,UY-CA,Canelones
UY,UY-CL,Cerro Largo
UY,UY-CO,Colonia
UY,UY-DU,Durazno
UY,UY-FS,Flores
UY,UY-FD,Florida
UY,UY-LA,Lavalleja
UY,UY-MA,Maldonado
UY,UY-MO,Montevideo
UY,UY-PA,Paysandú
UY,UY-RN,Río Negro
UY,UY-RV,Rivera
UY,UY-RO,Rocha
UY,UY-SA,Salto
UY,UY-SJ,San José
UY,UY-SO,Soriano
UY,UY-TA,Tacuarembó
UY,UY-TT,Treinta y Tres
UY,UY-,Uruguay
UZ,UZ-QR,Qoraqalpog‘iston Respublikasi
UZ,UZ-AN,Andijon
UZ,UZ-BU,Buxoro
UZ,UZ-FA,Farg‘ona
UZ,UZ-JI,Jizzax
UZ,UZ-NG,Namangan
UZ,UZ-NW,Navoiy
UZ,UZ-QA,Qashqadaryo
UZ,UZ-SA,Samarqand
UZ,UZ-SI,Sirdaryo
UZ,UZ-SU,Surxondaryo
UZ,UZ-TO,Toshkent
UZ,UZ-XO,Xorazm
UZ,UZ-TK,Toshkent City
UZ,UZ-,Uzbekistan
VA,VA-,Vatican City (Holy See)
VC,VC-01,Charlotte
VC,VC-06,Grenadines
VC,VC-02,Saint Andrew
VC,VC-03,Saint David
VC,VC-04,Saint George
VC,VC-05,Saint Patrick
VC,VC-,Saint Vincent and the Grenadines
VE,VE-A,Distrito Capital
VE,VE-B,Anzoátegui
VE,VE-C,Apure
VE,VE-D,Aragua
VE,VE-E,Barinas
VE,VE-F,Bolívar
VE,VE-G,Carabobo
VE,VE-H,Cojedes
VE,VE-I,Falcón
VE,VE-J,Guárico
VE,VE-K,Lara
VE,VE-L,Mérida
VE,VE-M,Miranda
VE,VE-N,Monagas
VE,VE-O,Nueva Esparta
VE,VE-P,Portuguesa
VE,VE-R,Sucre
VE,VE-S,Táchira
VE,VE-T,Trujillo
VE,VE-U,Yaracuy
VE,VE-V,Zulia
VE,VE-Z,Amazonas
VE,VE-Y,Delta Amacuro
VE,VE-W,Dependencias Federales
VE,VE-X,Vargas
VE,VE-,Venezuela
VG,VG-,Virgin Islands (British)
VI,VI-SJ,Saint John
VI,VI-ST,Saint Thomas
VI,VI-SC,Saint Croix
VI,VI-,Virgin Islands (U.S.)
VN,VN-71,Dien Bien
VN,VN-72,Dak Nong
VN,VN-73,Hau Giang
VN,VN-44,An Giang
VN,VN-43,Ba Ria-Vung Tau
VN,VN-53,Bac Kan
VN,VN-54,Bac Giang
VN,VN-55,Bac Lieu
VN,VN-56,Bac Ninh
VN,VN-50,Ben Tre
VN,VN-31,Binh Dinh
VN,VN-57,Binh Duong
VN,VN-58,Binh Phuoc
VN,VN-40,Binh Thuan
VN,VN-59,Ca Mau
VN,VN-48,"Can Tho, thanh pho"
VN,VN-04,Cao Bang
VN,VN-60,"Da Nang, thanh pho"
VN,VN-33,Dak Lak
VN,VN-39,Dong Nai
VN,VN-45,Dong Thap
VN,VN-30,Gia Lai
VN,VN-03,Ha Giang
VN,VN-63,Ha Nam
VN,VN-64,"Ha Noi, thanh pho"
VN,VN-15,Ha Tay
VN,VN-23,Ha Tinh
VN,VN-61,Hai Duong
VN,VN-62,"Hai Phong, thanh pho"
VN,VN-14,Hoa Binh
VN,VN-65,Sai Gon
VN,VN-66,Hung Yen
VN,VN-34,Khanh Hoa
VN,VN-47,Kien Giang
VN,VN-28,Kon Tum
VN,VN-01,Lai Chau
VN,VN-35,Lam Dong
VN,VN-09,Lang Son
VN,VN-02,Lao Cai
VN,VN-41,Long An
VN,VN-67,Nam Dinh
VN,VN-22,Nghe An
VN,VN-18,Ninh Binh
VN,VN-36,Ninh Thuan
VN,VN-68,Phu Tho
VN,VN-32,Phu Yen
VN,VN-24,Quang Binh
VN,VN-27,Quang Nam
VN,VN-29,Quang Ngai
VN,VN-13,Quang Ninh
VN,VN-25,Quang Tri
VN,VN-52,Soc Trang
VN,VN-05,Son La
VN,VN-37,Tay Ninh
VN,VN-20,Thai Binh
VN,VN-69,Thai Nguyen
VN,VN-21,Thanh Hoa
VN,VN-26,Thua Thien-Hue
VN,VN-46,Tien Giang
VN,VN-51,Tra Vinh
VN,VN-07,Tuyen Quang
VN,VN-49,Vinh Long
VN,VN-70,Vinh Phuc
VN,VN-06,Yen Bai
VN,VN-,Vietnam
VU,VU-MAP,Malampa
VU,VU-PAM,Pénama
VU,VU-SAM,Sanma
VU,VU-SEE,Shéfa
VU,VU-TAE,Taféa
VU,VU-TOB,Torba
VU,VU-,Vanuatu
WF,WF-,Wallis and Futuna
WS,WS-AA,A'ana
WS,WS-AL,Aiga-i-le-Tai
WS,WS-AT,Atua
WS,WS-FA,Fa'asaleleaga
WS,WS-GE,Gaga'emauga
WS,WS-GI,Gagaifomauga
WS,WS-PA,Palauli
WS,WS-SA,Satupa'itea
WS,WS-TU,Tuamasaga
WS,WS-VF,Va'a-o-Fonoti
WS,WS-VS,Vaisigano
WS,WS-,Samoa
XK,XK-,Kosovo
XX,XX-,High Seas
YE,YE-SA,San‘a’ [city]
YE,YE-AB,Abyan
YE,YE-AD,'Adan
YE,YE-BA,Al Bayda'
YE,YE-HU,Al Hudaydah
YE,YE-JA,Al Jawf
YE,YE-MR,Al Mahrah
YE,YE-MW,Al Mahwit
YE,YE-DH,Dhamar
YE,YE-HD,Hadramawt
YE,YE-HJ,Hajjah
YE,YE-IB,Ibb
YE,YE-LA,Lahij
YE,YE-MA,Ma'rib
YE,YE-SD,Sa'dah
YE,YE-SN,San'a'
YE,YE-SH,Shabwah
YE,YE-TA,Ta'izz
YE,YE-DA,Ad¸ D¸ali'
YE,YE-AM,'Amran
YE,YE-,Yemen
YT,YT-,Mayotte
ZA,ZA-EC,Eastern Cape
ZA,ZA-FS,Free State
ZA,ZA-GT,Gauteng
ZA,ZA-NL,Kwazulu-Natal
ZA,ZA-MP,Mpumalanga
ZA,ZA-NC,Northern Cape
ZA,ZA-LP,Limpopo
ZA,ZA-NW,North-West
ZA,ZA-WC,Western Cape
ZA,ZA-,South Africa
ZM,ZM-02,Central
ZM,ZM-08,Copperbelt
ZM,ZM-03,Eastern
ZM,ZM-04,Luapula
ZM,ZM-09,Lusaka
ZM,ZM-05,Northern
ZM,ZM-06,North-Western
ZM,ZM-07,Southern
ZM,ZM-01,Western
ZM,ZM-,Zambia
ZW,ZW-BU,Bulawayo
ZW,ZW-HA,Harare
ZW,ZW-MA,Manicaland
ZW,ZW-MC,Mashonaland Central
ZW,ZW-ME,Mashonaland East
ZW,ZW-MW,Mashonaland West
ZW,ZW-MV,Masvingo
ZW,ZW-MN,Matabeleland North
ZW,ZW-MS,Matabeleland South
ZW,ZW-MI,Midlands
ZW,ZW-,Zimbabwe
